tgl_inputer,kd_faktur,kd_rute,salesman,kd_customer,kd_barang,nama_barang,qty,satuan,no_lot,tgl_exp,nominal_p,jtempo,upload_sts,data_sts,barang_sts
30/1/2026,A26000179,JUBS,Sheila,ONLI01,QMEGA09,"Megaxone 135 SL 20 X 1 ltr*",2,Btl,205250838143,1/8/2030,79599.999988288,0,1,1,1
30/1/2026,A26000180,JUBS,Sheila,ONLI01,QTERM01,"Termikon 15 EC 20 X 400 ml",1,Btl,48070211,1/7/2029,33837.000016216,0,1,1,1
30/1/2026,A26000181,JUBS,Sheila,ONLI01,QGIBA01,"Gibas 240 SL 20 X 1 ltr*",1,Btl,30925088,1/9/2028,37871.999981081,0,1,1,1
30/1/2026,A26000182,JUBS,Sheila,ONLI01,QMEXD07,"Mexdone 36 EC 40 X 250 ml New*",1,Btl,20240527,1/7/2027,81562.000020721,0,1,1,1
30/1/2026,A26000183,JUBS,Sheila,ONLI02,QASSO01,"Associate 200 SC 20 X 250 ml*",1,Btl,2508001,1/8/2027,357750.0000027,0,1,1,1
30/1/2026,A26000184,JUBS,Sheila,ONLI02,QPAPA01,"Papandayan 486 SL 20 X 1 ltr",3,Btl,2511071009,1/11/2030,184499.99998378,0,1,1,1
30/1/2026,B26001548,LMJ,Ariyani,BARO60,QJAGU72,"Jagung Bisi 321 20 X 1 kg (+Kaos)",20,Pack,251118AF01,5/11/2026,1230000,30,1,1,1
30/1/2026,B26001549,KD-1,Zakia,ANUG01,QSCOR02,"Score 250 EC 40 X 250 ml",400,Btl,JAK5G25051,1/7/2027,63600000.000003,30,1,1,1
30/1/2026,B26001550,LMJ,Ariyani,HASI04,QCABE69,"Cabe Sigma 20 X 12 X 10 gr",24,Pack,250523AF01,26/11/2026,1320000,30,1,1,1
30/1/2026,B26001551,P-1,Safira,HIKM01,QAKRO01,"Akrostar 40 WP 60 X 40 gr*",60,Pack,11213101,1/12/2028,2190000.000027,60,1,1,1
30/1/2026,B26001552,P-1,Safira,HIKM01,QJAGU87,"Jagung NK 212 BTGT 20 X 1 kg",200,Pack,20902956,5/10/2026,1265000000,7,1,1,1
30/1/2026,B26001552,P-1,Safira,HIKM01,QJAGU13,"Jagung NK 212 20 X 1 kg",3840,Pack,21055987,2/1/2027,1265000000,7,1,1,1
30/1/2026,B26001552,P-1,Safira,HIKM01,QJAGU29,"Jagung NK 7328 20 X 1 kg",1500,Pack,20952819,20/11/2026,1265000000,7,1,1,1
30/1/2026,B26001552,P-1,Safira,HIKM01,QJAGU13,"Jagung NK 212 20 X 1 kg",3660,Pack,20981701,28/12/2026,1265000000,7,1,1,1
30/1/2026,B26001552,P-1,Safira,HIKM01,QJAGU87,"Jagung NK 212 BTGT 20 X 1 kg",4800,Pack,20902947,5/10/2026,1265000000,7,1,1,1
30/1/2026,B26001553,JLS,Yuyun,ENGG02,QJAGU101,"Jagung Manis Golden Boy F1 40 X +/-1800 biji",40,Pack,260107AF01,1/10/2026,50760000,30,1,1,1
30/1/2026,B26001553,JLS,Yuyun,ENGG02,QJAGU107,"Jagung Manis Master Sweet 45 F1 40 X 1800 biji",80,Pack,251001AF01,1/7/2026,50760000,30,1,1,1
30/1/2026,B26001553,JLS,Yuyun,ENGG02,QJAGU102,"Jagung Manis Sweet Lady 27 F1 20 X +/-3600 biji",100,Pack,251009AF01,1/7/2026,50760000,30,1,1,1
30/1/2026,B26001553,JLS,Yuyun,ENGG02,QJAGU100,"Jagung Manis Golden Boy F1 20 X +/-3600 biji",100,Pack,251107AF01,1/8/2026,50760000,30,1,1,1
30/1/2026,B26001553,JLS,Yuyun,ENGG02,QJAGU100,"Jagung Manis Golden Boy F1 20 X +/-3600 biji",100,Pack,251107AF01,1/8/2026,50760000,30,1,1,1
30/1/2026,B26001553,JLS,Yuyun,ENGG02,QJAGU99,"Jagung Manis Master Sweet 45 F1 20 X 3600 biji",40,Pack,250924AF01,1/6/2026,50760000,30,1,1,1
30/1/2026,B26001554,JLS,Yuyun,ENGG02,QABAC07,"Abacel 18 EC 50 X 100 ml",144,Btl,5052082,1/6/2028,40465000.000045,30,1,1,1
30/1/2026,B26001554,JLS,Yuyun,ENGG02,QAMAB02,"Amabas 500 EC 20 X 400 ml*",200,Btl,50719021,1/7/2030,40465000.000045,30,1,1,1
30/1/2026,B26001554,JLS,Yuyun,ENGG02,QABAC07,"Abacel 18 EC 50 X 100 ml",356,Btl,25062025,1/6/2028,40465000.000045,30,1,1,1
30/1/2026,B26001554,JLS,Yuyun,ENGG02,QATON09,"Atonik 6.0 L 30 X 250 ml",30,Btl,1011022225,1/10/2030,40465000.000045,30,1,1,1
30/1/2026,B26001554,JLS,Yuyun,ENGG02,QDECI02,"Decis 25 EC 100 X 50 ml",500,Btl,PI41004010,1/1/2030,40465000.000045,30,1,1,1
30/1/2026,B26001554,JLS,Yuyun,ENGG02,QDECI01,"Decis 25 EC 100 X 100 ml",100,Btl,PI41004003,1/1/2030,40465000.000045,30,1,1,1
30/1/2026,B26001554,JLS,Yuyun,ENGG02,QDECI01,"Decis 25 EC 100 X 100 ml",400,Btl,PI41004003,1/1/2030,40465000.000045,30,1,1,1
30/1/2026,B26001555,JUBS,Yuyun,JOYO09,QALFA01,"Alfatox 50 EC 20 X 400 ml*",100,Btl,63323U3011,1/8/2030,5349999.9999802,30,1,1,1
30/1/2026,B26001556,JLS,Yuyun,SADA01,QGAND02,"Gandasil B 24 X 500 gr",24,Pack,BN4529,1/12/2028,1007999.9999919,30,1,1,1
30/1/2026,B26001557,JLS,Yuyun,ANGG01,QMANO01,"Manohara 20 X 1 kg*",20,Pack,0,1/1/2031,2559999.9999937,30,1,1,1
30/1/2026,B26001557,JLS,Yuyun,ANGG01,QGIBG03,"Gibgro 10 SP 25 X 40 X 1 gr",120,Pack,2601001,1/1/2031,2559999.9999937,30,1,1,1
30/1/2026,B26001557,JLS,Yuyun,ANGG01,QHARA01,"Hara Garuda 20 X 1 kg*",20,Pack,0,1/1/2031,2559999.9999937,30,1,1,1
30/1/2026,B26001557,JLS,Yuyun,ANGG01,QEMAC05,"Emacel 30 EC 40 X 250 ml*",20,Btl,5052095,1/6/2028,2559999.9999937,30,1,1,1
30/1/2026,B26001558,JLS,Yuyun,TANI30,QJAGU72,"Jagung Bisi 321 20 X 1 kg (+Kaos)",100,Pack,251118AF01,5/11/2026,15900000,30,1,1,1
30/1/2026,B26001558,JLS,Yuyun,TANI30,QJAGU70,"Jagung P27 Gajah 20 X 1 kg",100,Pack,154DKMACIBEJ015,8/5/2026,15900000,30,1,1,1
30/1/2026,B26001559,"OL Shop",Sheila,FATI01,QSMK36,"Smk. Non Biji Barcelona 5 X 15 X 20 gr",30,Pack,912300,14/8/2026,6000000,0,1,1,1
30/1/2026,B26001560,BWI-2,Faris,EKAJ01,QALAT16,"Alat Service YT 5L / 7L",50,Pcs,0,1/1/1000,425000.00001712,30,1,1,1
30/1/2026,B26001561,BWI-2,Faris,DWIP01,QDURU02,"Durus 70 WG 20 X 100 gr*",20,Pack,ACE2024TMM02P3,1/3/2029,2400000.0000378,60,1,1,1
30/1/2026,B26001562,MLG,Safira,TANI217,QPINA13,"Pinamec 20 EC 20 X 1 ltr (Hitam)*",20,Btl,I260725,1/7/2030,24952000.000021,0,1,1,1
30/1/2026,B26001562,MLG,Safira,TANI217,QLIDI04,"Liding 240 EC (Piktogram Biru) 64 X 90 ml*",256,Btl,25RFS4088,1/8/2030,24952000.000021,0,1,1,1
30/1/2026,B26001562,MLG,Safira,TANI217,QLIDI03,"Liding 240 EC (Piktogram Biru) 48 X 200 ml*",240,Btl,25RFS3384,1/7/2030,24952000.000021,0,1,1,1
30/1/2026,B26001563,JWS,Faris,BIMO02,QJAGU87,"Jagung NK 212 BTGT 20 X 1 kg",100,Pack,20902956,5/10/2026,10500000,0,1,1,1
30/1/2026,B26001564,JWS,Faris,BIMO02,QJAGU72,"Jagung Bisi 321 20 X 1 kg (+Kaos)",60,Pack,251118AF01,5/11/2026,14690000,30,1,1,1
30/1/2026,B26001564,JWS,Faris,BIMO02,QJAGU84,"Jagung DK 95R 20 X 1 kg",100,Pack,5CFD01F056,24/9/2026,14690000,30,1,1,1
30/1/2026,B26001565,SBY,Reni,MEKA12,QKRES01,"Kresnadan 3G 10 X 2 kg",100,Pack,51223134,1/12/2030,2750000.0000225,30,1,1,1
30/1/2026,B26001566,MD-1,Reni,ZIFA01,QEMAC05,"Emacel 30 EC 40 X 250 ml*",40,Btl,5052095,1/6/2028,6119999.9999865,0,1,1,1
30/1/2026,B26001566,MD-1,Reni,ZIFA01,QAMAB02,"Amabas 500 EC 20 X 400 ml*",20,Btl,50908027,1/9/2030,6119999.9999865,0,1,1,1
30/1/2026,B26001566,MD-1,Reni,ZIFA01,QEMAC03,"Emacel 30 EC 20 X 500 ml*",20,Btl,10062025,1/6/2028,6119999.9999865,0,1,1,1
30/1/2026,B26001567,PRB,Ariyani,DELI01,QEM-404,"EM-4 Toilet 15 X 1 ltr",30,Btl,021125,1/11/2027,704999.99996486,30,1,1,1
30/1/2026,B26001568,JLS,Yuyun,EKAJ02,QCAUL06,"Cauli Flower Kiran F1 50 X 10 X 10 gr",10,Pack,784420,1/8/2027,1360000,30,1,1,1
30/1/2026,B26001569,SBY,Ariyani,BARO09,QJAGU13,"Jagung NK 212 20 X 1 kg",260,Pack,21007435,4/1/2027,156000000,0,1,1,1
30/1/2026,B26001569,SBY,Ariyani,BARO09,QJAGU13,"Jagung NK 212 20 X 1 kg",1740,Pack,21055987,2/1/2027,156000000,0,1,1,1
30/1/2026,B26001570,MLG,Safira,SUMB183,QTIMU29,"Timun Semi F1 12 X 10 X 20 gr*",120,Pack,271012617,22/7/2027,5400000,0,1,1,1
30/1/2026,B26001570,MLG,Safira,SUMB183,QTIMU04,"Timun Renes F1 12 X 15 X 10 gr*",15,Pack,229210616,18/5/2027,5400000,0,1,1,1
30/1/2026,B26001571,P-2,Safira,WULA01,QKLOP02,"Kloper 500 SL 12 X 1 ltr*",24,Btl,01ANT2025LY1126,1/1/2031,984000.00001351,60,1,1,1
30/1/2026,B26001572,P-2,Safira,WULA01,QLIDI04,"Liding 240 EC (Piktogram Biru) 64 X 90 ml*",320,Btl,25RFS4088,1/8/2030,24199999.999998,0,1,1,1
30/1/2026,B26001572,P-2,Safira,WULA01,QLIDI03,"Liding 240 EC (Piktogram Biru) 48 X 200 ml*",240,Btl,25RFS3384,1/7/2030,24199999.999998,0,1,1,1
30/1/2026,B26001573,STB,Faris,PRIM03,QROUN04,"Round Up 486 SL 50 X 200 ml",2500,Btl,601012,1/1/2031,49375000.000018,30,1,1,1
30/1/2026,B26001574,BWI-2,Faris,GUNU01,QROUN04,"Round Up 486 SL 50 X 200 ml",1000,Btl,601012,1/1/2031,19750000.000007,30,1,1,1
30/1/2026,B26001575,JLS,Yuyun,HASI05,QJAGU29,"Jagung NK 7328 20 X 1 kg",100,Pack,20952819,20/11/2026,11350000,0,1,1,1
30/1/2026,B26001576,JLS,Yuyun,HASI05,QJAGU70,"Jagung P27 Gajah 20 X 1 kg",200,Pack,154DKMACIBEJ015,8/5/2026,19500000,30,1,1,1
30/1/2026,B26001577,JLS,Yuyun,BERK55,QGAND02,"Gandasil B 24 X 500 gr",24,Pack,BN4529,1/12/2028,4127999.9999811,30,1,1,1
30/1/2026,B26001577,JLS,Yuyun,BERK55,QPOP02,"Popzole 525 SE 48 X 240 ml*",4,Btl,24RFS2799,1/8/2026,4127999.9999811,30,1,1,1
30/1/2026,B26001577,JLS,Yuyun,BERK55,QPOP02,"Popzole 525 SE 48 X 240 ml*",16,Btl,24RFS2799,1/8/2026,4127999.9999811,30,1,1,1
30/1/2026,B26001577,JLS,Yuyun,BERK55,QPOP01,"Popzole 525 SE 64 X 100 ml*",20,Btl,RA2RNS0965,1/7/2027,4127999.9999811,30,1,1,1
30/1/2026,B26001578,P-1,Safira,DUTA03,QEFFI01,"Efficon 120 SL 48 X 100 ml",48,Btl,25115601,1/6/2027,4080000.0000243,30,1,1,1
30/1/2026,B26001579,P-2,Safira,SUMB47,QAMIS02,"Amistartop 325 SC 50 X 100 ml",250,Btl,JAK5FS1162,1/6/2028,328499999.99995,60,1,1,1
30/1/2026,B26001579,P-2,Safira,SUMB47,QAMIS01,"Amistartop 325 SC 100 X 50 ml",1670,Btl,JAK5FS1158,1/6/2028,328499999.99995,60,1,1,1
30/1/2026,B26001579,P-2,Safira,SUMB47,QAMIS01,"Amistartop 325 SC 100 X 50 ml",1330,Btl,JAK5FS1159,1/6/2028,328499999.99995,60,1,1,1
30/1/2026,B26001579,P-2,Safira,SUMB47,QAMIS02,"Amistartop 325 SC 50 X 100 ml",550,Btl,JAK5HS1234,1/8/2028,328499999.99995,60,1,1,1
30/1/2026,B26001579,P-2,Safira,SUMB47,QAMIS02,"Amistartop 325 SC 50 X 100 ml",700,Btl,JAK5HS1234,1/8/2028,328499999.99995,60,1,1,1
30/1/2026,B26001580,BWI-2,Faris,GUNU01,QROUN03,"Round Up 486 SL 4 X 4 ltr",60,Btl,601003,1/1/2031,18300000.000014,30,1,1,1
30/1/2026,B26001581,PRB,Ariyani,IBUT01,QTHRO02,"Throne 250 EC 20 X 250 ml",80,Btl,0401FF0432,1/1/2030,11449999.999985,30,1,1,1
30/1/2026,B26001581,PRB,Ariyani,IBUT01,QTHRO02,"Throne 250 EC 20 X 250 ml",20,Btl,3701EE3742,1/9/2029,11449999.999985,30,1,1,1
30/1/2026,B26001582,PRB,Ariyani,ABDI07,QTHRO03,"Throne 250 EC 20 X 500 ml",20,Btl,0401FF0431,1/1/2030,15769999.999993,30,1,1,1
30/1/2026,B26001582,PRB,Ariyani,ABDI07,QTHRO02,"Throne 250 EC 20 X 250 ml",100,Btl,0401FF0432,1/1/2030,15769999.999993,30,1,1,1
30/1/2026,B26001583,P-2,Safira,MITR80,QCHIE01,"Chief 480 SL 20 X 1 ltr*",100,Btl,L260126,1/1/2031,9699999.9999613,0,1,1,1
30/1/2026,B26001583,P-2,Safira,MITR80,QPOIN01,"Pointer 276 SL 20 X 1 ltr New*",100,Btl,01925521,1/12/2027,9699999.9999613,0,1,1,1
30/1/2026,B26001584,P-1,Safira,BARO46,QTUNT03,"Tuntas 300/100 SL 20 X 1 ltr",1140,Btl,60115004,1/1/2031,46749999.999983,30,1,1,1
30/1/2026,B26001585,KD-2,Zakia,JAYA08,QPENT04,"Penta Up-Z 480 SL 20 ltr + 20 pack Penta-Furon 5 gr",2,Pail,0233425081518,1/8/2030,4119999.9999883,30,1,1,1
30/1/2026,B26001585,KD-2,Zakia,JAYA08,QPENT03,"Penta Up-Z 480 SL 4 X 5 ltr + 5 pack Penta-Furon 5 gr",8,Gal,0226525110616,1/11/2030,4119999.9999883,30,1,1,1
30/1/2026,B26001586,KD-2,Zakia,NUSA08,QSTAR13,"Stardon 60 WP 10 X 8 X 100 gr",80,Pack,255006,1/4/2030,3919999.9999685,0,1,1,1
30/1/2026,B26001587,KD-2,Zakia,KONC03,QTALI06,"Tali Gawar 989 40 X 600 gr*",200,Slop,0,1/1/1000,22385000.000033,30,1,1,1
30/1/2026,B26001587,KD-2,Zakia,KONC03,QKALI01,"Kaliandra 482 EC 20 X 400 ml*",40,Btl,20413U5028,1/10/2030,22385000.000033,30,1,1,1
30/1/2026,B26001587,KD-2,Zakia,KONC03,QKALI05,"Kaliandra 482 EC 50 X 80 ml*",50,Btl,20433U5026,1/10/2030,22385000.000033,30,1,1,1
30/1/2026,B26001587,KD-2,Zakia,KONC03,QAGUS02,"Agus 500 SC 40 X 250 ml*",80,Btl,ADV346N063,1/12/2028,22385000.000033,30,1,1,1
30/1/2026,B26001587,KD-2,Zakia,KONC03,QKALI03,"Kaliandra 482 EC 40 X 200 ml*",40,Btl,20443U5027,1/10/2030,22385000.000033,30,1,1,1
30/1/2026,B26001588,PRB,Ariyani,BUMI01,QSMK24,"Smk. Madrid F1 12 X 10 X 20 gr*",38,Pack,230012601,22/4/2027,10640000,0,1,1,1
30/1/2026,B26001589,PRB,Ariyani,BUMI01,QJAGU87,"Jagung NK 212 BTGT 20 X 1 kg",500,Pack,20902956,5/10/2026,51250000,0,1,1,1
30/1/2026,B26001590,JLS,Yuyun,GRIY01,QLEMA02,"Lem Ajaib 50 X 50 ml*",5,Btl,17103425,1/12/2028,3909999.9999775,30,1,1,1
30/1/2026,B26001590,JLS,Yuyun,GRIY01,QSPON08,"Spontas 450 SL 10 X 1 ltr*",30,Btl,301250705010,1/7/2030,3909999.9999775,30,1,1,1
30/1/2026,B26001590,JLS,Yuyun,GRIY01,QSPON07,"Spontas 450 SL 20 X 500 ml*",20,Btl,301250805012,1/8/2030,3909999.9999775,30,1,1,1
30/1/2026,B26001590,JLS,Yuyun,GRIY01,QBENA01,"Benang Pe mlg*",25,Kg,0,1/1/1000,3909999.9999775,30,1,1,1
30/1/2026,B26001590,JLS,Yuyun,GRIY01,QLEMA01,"Lem Ajaib 50 X 100 ml*",5,Btl,17103409,1/7/2028,3909999.9999775,30,1,1,1
30/1/2026,B26001591,JLS,Yuyun,GRIY01,QGAND02,"Gandasil B 24 X 500 gr",24,Pack,BN4529,1/12/2028,2033999.9999676,30,1,1,1
30/1/2026,B26001591,JLS,Yuyun,GRIY01,QABOJ01,"Abojo 60 WP 100 X 100 gr",20,Pack,ADV3950090725ST,1/7/2030,2033999.9999676,30,1,1,1
30/1/2026,B26001592,MLG,Safira,RAHA07,QTALI06,"Tali Gawar 989 40 X 600 gr*",40,Slop,0,1/1/1000,4840000.0000396,0,1,1,1
30/1/2026,B26001592,MLG,Safira,RAHA07,QEMAC05,"Emacel 30 EC 40 X 250 ml*",10,Btl,5052095,1/6/2028,4840000.0000396,0,1,1,1
30/1/2026,B26001592,MLG,Safira,RAHA07,QEMAC04,"Emacel 30 EC 10 X 1 ltr*",5,Btl,5052097,1/7/2028,4840000.0000396,0,1,1,1
30/1/2026,B26001592,MLG,Safira,RAHA07,QEMAC03,"Emacel 30 EC 20 X 500 ml*",10,Btl,10062025,1/6/2028,4840000.0000396,0,1,1,1
30/1/2026,B26001592,MLG,Safira,RAHA07,QEMAC01,"Emacel 30 EC 50 X 100 ml*",10,Btl,20062025,1/6/2028,4840000.0000396,0,1,1,1
30/1/2026,B26001593,MLG,Safira,RAHA07,QHEXA04,"Hexacar 100 SC 20 X 1 ltr*",7,Btl,25071406,1/6/2030,906500.00003333,0,1,1,1
30/1/2026,B26001594,P-2,Safira,SUMB51,QGAND01,"Gandasil B 144 X 100 gr",432,Pack,BN4540,1/10/2028,140720000.00003,60,1,1,1
30/1/2026,B26001594,P-2,Safira,SUMB51,QGAND01,"Gandasil B 144 X 100 gr",1296,Pack,BN4540,1/10/2028,140720000.00003,60,1,1,1
30/1/2026,B26001594,P-2,Safira,SUMB51,QGAND01,"Gandasil B 144 X 100 gr",5472,Pack,BN4533,1/10/2028,140720000.00003,60,1,1,1
30/1/2026,B26001594,P-2,Safira,SUMB51,QQIUM07,"Qiumex 36 EC 10 X 1 ltr*",12,Btl,20250806,1/8/2030,140720000.00003,60,1,1,1
30/1/2026,B26001594,P-2,Safira,SUMB51,QQIUM07,"Qiumex 36 EC 10 X 1 ltr*",38,Btl,20250806,1/8/2030,140720000.00003,60,1,1,1
30/1/2026,B26001594,P-2,Safira,SUMB51,QTHRO03,"Throne 250 EC 20 X 500 ml",100,Btl,0401FF0431,1/1/2030,140720000.00003,60,1,1,1
30/1/2026,B26001594,P-2,Safira,SUMB51,QTHRO02,"Throne 250 EC 20 X 250 ml",400,Btl,0401FF0432,1/1/2030,140720000.00003,60,1,1,1
30/1/2026,B26001595,SBY,Sheila,ANIN02,QMACE01,"Macerio 52 WP 20 X 500 gr",20,Pack,I251125,1/11/2030,2699999.9999676,0,1,1,1
30/1/2026,C26000083,JUT,"Customer Service",NNWI01,QBIOC10,"Biochems Vit B1+B6 30 X 500 ml",1,Btl,0,1/12/2030,218000.0000036,0,1,1,1
30/1/2026,C26000083,JUT,"Customer Service",NNWI01,QBIOC11,"Biochems Vit B1+B6 40 X 250 ml",1,Btl,0,1/12/2030,218000.0000036,0,1,1,1
30/1/2026,C26000083,JUT,"Customer Service",NNWI01,QQIUV14,"Qiuvita Merah 16.11.32 20 X 500 gr + Kaos*",1,Pack,5910202512,1/10/2028,218000.0000036,0,1,1,1
30/1/2026,C26000083,JUT,"Customer Service",NNWI01,QQIUV13,"Qiuvita Hijau 32.11.11 20 X 500 gr + Kaos*",1,Pack,51009202506,1/9/2028,218000.0000036,0,1,1,1
30/1/2026,C26000083,JUT,"Customer Service",NNWI01,QQIUV12,"Qiuvita Biru 16.32.16 20 X 500 gr + Kaos*",1,Pack,51109202505,1/9/2028,218000.0000036,0,1,1,1
30/1/2026,C26000084,"B Agronomis","Customer Service",KARI09,QKARI03,"Karissnail 6 PL 50 X 200 gr (M2U)*",10,Pack,32213401,1/12/2028,1278499.9999982,0,1,1,1
30/1/2026,C26000084,"B Agronomis","Customer Service",KARI09,QQIUV15,"Qiuvita Merah 16.11.32 100 X 100 gr (Sample)",15,Pack,01082018416,1/3/2024,1278499.9999982,0,1,1,1
30/1/2026,C26000084,"B Agronomis","Customer Service",KARI09,QPAKE16,"Paket Ulat 20 X 1 paket",5,Paket,0,1/8/2027,1278499.9999982,0,1,1,1
30/1/2026,C26000084,"B Agronomis","Customer Service",KARI09,QQIUV16,"Qiuvita Hijau 32.11.11 100 X 100 gr (Sample)",15,Pack,510112021,1/10/2024,1278499.9999982,0,1,1,1
30/1/2026,C26000084,"B Agronomis","Customer Service",KARI09,QQIUV11,"Qiuvita Biru 16.32.16 100 X 100 gr (Sample)",15,Pcs,511112020,1/7/2023,1278499.9999982,0,1,1,1
30/1/2026,C26000085,"B Agronomis","Customer Service",KARI09,QMRQL02,"Mr. Qlett 50 X 50 ml*",5,Btl,17103407,1/2/2028,323000.00000901,0,1,1,1
30/1/2026,C26000085,"B Agronomis","Customer Service",KARI09,QMRQL02,"Mr. Qlett 50 X 50 ml*",5,Btl,25133301,1/10/2027,323000.00000901,0,1,1,1
30/1/2026,C26000086,JUT,"Customer Service",NNFI01,QJAGU94,"Jagung NK 7328 BTGT 20 X 1 kg",1,Pack,20938203,3/11/2026,133000,0,1,1,1
30/1/2026,C26000087,JUT,"Customer Service",NNBU01,QBRAP01,"Braphon 488 SL 50 X 100 ml*",1,Btl,050925,1/8/2030,25999.999976577,0,1,1,1
30/1/2026,C26000088,SBY,Ariyani,FARM02,QDELL03,"Dellacid 525 EC 20 x 1 ltr*",2,Btl,23030918,1/2/2028,790999.99998739,0,1,1,1
30/1/2026,C26000088,SBY,Ariyani,FARM02,QTOPB02,"Topbas 400 SC 25 X 100 ml*",5,Btl,604250905007,1/9/2030,790999.99998739,0,1,1,1
30/1/2026,C26000089,SBY,"Customer Service",FIRM04,QLOYA01,"Loyant 25 EC 20 X 500 ml",40,Btl,25K2977801,1/11/2028,13999999.999987,0,1,1,1
30/1/2026,D26001656,LMJ,Ariyani,SUBU05,QBENA01,"Benang Pe mlg*",125,Kg,0,1/1/1000,10795250.00005,30,1,1,1
30/1/2026,D26001656,LMJ,Ariyani,SUBU05,QMULS21,"Mulsa Karisma 60 cm / 20 kg (Roll)",10,Roll,0,1/1/1000,10795250.00005,30,1,1,1
30/1/2026,D26001657,LMJ,Ariyani,SUBU05,QTOMA32,"Tomat Comodor F1 20 X 20 X 1750 biji",20,Pack,250312AF01,1/4/2027,3260000,30,1,1,1
30/1/2026,D26001658,LMJ,Ariyani,CENT04,QTALI06,"Tali Gawar 989 40 X 600 gr*",40,Slop,0,1/1/1000,4855000.0000261,60,1,1,1
30/1/2026,D26001658,LMJ,Ariyani,CENT04,QDELL04,"Dellacid 525 EC 25 X 500 ml*",25,Btl,23030917,1/2/2028,4855000.0000261,60,1,1,1
30/1/2026,D26001658,LMJ,Ariyani,CENT04,QDELL01,"Dellacid 525 EC 40 x 200 ml*",40,Btl,25030702,1/2/2030,4855000.0000261,60,1,1,1
30/1/2026,D26001659,LMJ,Ariyani,SUBU05,QMULS22,"Mulsa Karisma 60 cm / 10 kg (Roll)",10,Roll,0,1/1/1000,2713749.9999802,30,1,1,1
30/1/2026,D26001660,KRS,Faris,TANI220,QACL01,"ACL 6 865 SL 50 X 200 ml*",15,Btl,6.01E+11,1/8/2027,732499.99999009,30,1,1,1
30/1/2026,D26001660,KRS,Faris,TANI220,QACL02,"ACL 6 865 SL 25 X 400 ml*",10,Btl,6.01E+11,1/11/2029,732499.99999009,30,1,1,1
30/1/2026,D26001661,BLI-1,Zakia,SARI07,QROUN01,"Round Up 486 SL 12 X 1 ltr",48,Btl,601006,1/1/2031,4424000.0000144,30,1,1,1
30/1/2026,D26001661,BLI-1,Zakia,SARI07,QFENV05,"Fenval 200 EC 20 X 250 ml*",20,Btl,21118,1/12/2028,4424000.0000144,30,1,1,1
30/1/2026,D26001662,BLI-1,Zakia,SARI07,QTOPS02,"Topsindo 70 WP 20 X 500 gr*",20,Pack,88046,1/12/2026,1960000.0000342,30,1,1,1
30/1/2026,D26001663,LMJ,Ariyani,SEDU03,QSCOR03,"Score 250 EC 50 X 80 ml",5,Btl,JAK5H23059,1/8/2027,277500,30,1,1,1
30/1/2026,D26001664,LMJ,Ariyani,SEDU03,QJAGU25,"Jagung Pertiwi 6 20 X 1 kg",40,Pack,250007H,1/12/2026,3360000,30,1,1,1
30/1/2026,D26001665,LMJ,Ariyani,SEDU03,QJAGU58,"Jagung NK 7202 20 X 1 kg",40,Pack,20908295,23/10/2026,3880000,0,1,1,1
30/1/2026,D26001666,JLS,Yuyun,SUMB67,QAGRO02,"Agrogibb 40 SL 30 X 15 X 35 ml",50,Btl,25GAT1011,1/10/2030,1175000.0000414,30,1,1,1
30/1/2026,D26001667,LMJ,Ariyani,TAND01,QJAGU04,"Jagung Bisi 2 20 X 1 kg",40,Pack,251030AF02,6/10/2026,2800000,30,1,1,1
30/1/2026,D26001668,LMJ,Ariyani,TAND01,QMULS86,"Mulsa Karisma Q989 60 cm X 8 kg (Roll)*",4,Roll,0,1/1/1000,1120000.080991,30,1,1,1
30/1/2026,D26001669,JLS,Yuyun,BIMA04,QDEWA01,"Dewa Dewi 15 X 1 ltr*",5,Btl,0,1/1/2031,379999.99995766,30,1,1,1
30/1/2026,D26001669,JLS,Yuyun,BIMA04,QDEWA02,"Dewa Dewi 20 X 500 ml*",5,Btl,0,1/1/2031,379999.99995766,30,1,1,1
30/1/2026,D26001670,JBR,Yuyun,FAJA04,QMETS01,"Metsulindo Plus 80 WP 8 X 25 X 40 gr*",2200,Pack,060361,1/8/2027,560000000,30,1,1,1
30/1/2026,D26001670,JBR,Yuyun,FAJA04,QMETS01,"Metsulindo Plus 80 WP 8 X 25 X 40 gr*",5000,Pack,060373,1/8/2027,560000000,30,1,1,1
30/1/2026,D26001670,JBR,Yuyun,FAJA04,QMETS01,"Metsulindo Plus 80 WP 8 X 25 X 40 gr*",5000,Pack,060373,1/8/2027,560000000,30,1,1,1
30/1/2026,D26001670,JBR,Yuyun,FAJA04,QMETS01,"Metsulindo Plus 80 WP 8 X 25 X 40 gr*",14000,Pack,060373,1/8/2027,560000000,30,1,1,1
30/1/2026,D26001670,JBR,Yuyun,FAJA04,QMETS01,"Metsulindo Plus 80 WP 8 X 25 X 40 gr*",20600,Pack,060366,1/8/2027,560000000,30,1,1,1
30/1/2026,D26001670,JBR,Yuyun,FAJA04,QMETS01,"Metsulindo Plus 80 WP 8 X 25 X 40 gr*",24200,Pack,060366,1/8/2027,560000000,30,1,1,1
30/1/2026,D26001671,SBY,Reni,ANEK03,QMKP01,"MKP 20 X 1 kg",4000,Pack,122025,1/12/2028,192000000.00003,30,1,1,1
30/1/2026,D26001672,STB,Faris,PRIM03,QMETS01,"Metsulindo Plus 80 WP 8 X 25 X 40 gr*",10200,Pack,060366,1/8/2027,84000000.000024,30,1,1,1
30/1/2026,D26001673,KD-2,Zakia,BERK02,QGAND04,"Gandasil D 24 X 500 gr",66,Pack,BN5512,1/12/2028,30763200.000005,30,1,1,1
30/1/2026,D26001673,KD-2,Zakia,BERK02,QGAND04,"Gandasil D 24 X 500 gr",750,Pack,BN5512,1/12/2028,30763200.000005,30,1,1,1
30/1/2026,D26001674,KD-1,Zakia,PUSA08,QSMK36,"Smk. Non Biji Barcelona 5 X 15 X 20 gr",92,Pack,912300,14/8/2026,45600000,0,1,1,1
30/1/2026,D26001674,KD-1,Zakia,PUSA08,QSMK36,"Smk. Non Biji Barcelona 5 X 15 X 20 gr",148,Pack,912300,14/8/2026,45600000,0,1,1,1
30/1/2026,D26001675,MD-2,Reni,NUAN01,QVIRT02,"Virtako 300 SC 100 X 50 ml",400,Btl,JAK5BS2006,1/2/2028,685874999.99999,60,1,1,1
30/1/2026,D26001675,MD-2,Reni,NUAN01,QVIRT03,"Virtako 300 SC 50 X 100 ml",1250,Btl,JAK5KS2087,1/11/2027,685874999.99999,60,1,1,1
30/1/2026,D26001675,MD-2,Reni,NUAN01,QAMIS02,"Amistartop 325 SC 50 X 100 ml",1250,Btl,JAK5FS1162,1/6/2028,685874999.99999,60,1,1,1
30/1/2026,D26001675,MD-2,Reni,NUAN01,QAMIS01,"Amistartop 325 SC 100 X 50 ml",2500,Btl,JAK5FS1159,1/6/2028,685874999.99999,60,1,1,1
30/1/2026,D26001675,MD-2,Reni,NUAN01,QAMIS03,"Amistartop 325 SC 20 X 250 ml",500,Btl,JAK5HS1221,1/8/2028,685874999.99999,60,1,1,1
30/1/2026,D26001676,MD-2,Reni,NUAN01,QSCOR03,"Score 250 EC 50 X 80 ml",606,Btl,JAK5H23059,1/8/2027,225750000.00002,60,1,1,1
30/1/2026,D26001676,MD-2,Reni,NUAN01,QSCOR03,"Score 250 EC 50 X 80 ml",644,Btl,JAK5H23059,1/8/2027,225750000.00002,60,1,1,1
30/1/2026,D26001676,MD-2,Reni,NUAN01,QSCOR02,"Score 250 EC 40 X 250 ml",1000,Btl,JAK5G25051,1/7/2027,225750000.00002,60,1,1,1
30/1/2026,D26001677,KD-2,Zakia,TANI49,QEM-401,"EM-4 Ternak (LC) 15 X 1 ltr",225,Btl,281225,1/12/2027,5287499.9999865,0,1,1,1
30/1/2026,D26001678,KD-2,Zakia,TANI49,QJAGU63,"Jagung ADV 132 20 X 1 kg",100,Pack,NLK1B1003,29/9/2026,8900000,30,1,1,1
30/1/2026,D26001679,KD-2,Zakia,TANI49,QSCOR03,"Score 250 EC 50 X 80 ml",1000,Btl,JAK5H23059,1/8/2027,224850000.00003,30,1,1,1
30/1/2026,D26001679,KD-2,Zakia,TANI49,QAMIS01,"Amistartop 325 SC 100 X 50 ml",500,Btl,JAK5FS1158,1/6/2028,224850000.00003,30,1,1,1
30/1/2026,D26001679,KD-2,Zakia,TANI49,QAMIS02,"Amistartop 325 SC 50 X 100 ml",1000,Btl,JAK5HS1234,1/8/2028,224850000.00003,30,1,1,1
30/1/2026,D26001679,KD-2,Zakia,TANI49,QAMIS03,"Amistartop 325 SC 20 X 250 ml",100,Btl,JAK5HS1216,1/8/2028,224850000.00003,30,1,1,1
30/1/2026,D26001679,KD-2,Zakia,TANI49,QINSU01,"Insure Max 510 FS 2 X 50 X 25 ml",300,Btl,252LQ02001,1/2/2028,224850000.00003,30,1,1,1
30/1/2026,D26001680,KD-2,Zakia,TANI49,QTHRO04,"Throne 250 EC 48 X 100 ml",144,Btl,3701EE3742,1/9/2029,7200000.0000135,30,1,1,1
30/1/2026,D26001681,BLI-1,Zakia,SRIS01,QWEND01,"Wendry 75 WP 20 X 500 gr (M2U)",120,Pack,19163401,1/10/2028,5400000.0000351,30,1,1,1
30/1/2026,D26001682,KD-2,Zakia,DANA02,QPIRA01,"Piraklo 250 EC 100 X 100 ml*",500,Btl,PYR240725,1/8/2029,235249999.99996,30,1,1,1
30/1/2026,D26001682,KD-2,Zakia,DANA02,QPIRA02,"Piraklo 250 EC 40 X 250 ml*",800,Btl,PYR240725,1/8/2029,235249999.99996,30,1,1,1
30/1/2026,D26001682,KD-2,Zakia,DANA02,QDESA01,"Desanto 200 SL 100 X 100 ml*",500,Btl,NISL250320,1/6/2030,235249999.99996,30,1,1,1
30/1/2026,D26001682,KD-2,Zakia,DANA02,QDESA02,"Desanto 200 SL 40 X 250 ml*",400,Btl,NISL240401,1/6/2029,235249999.99996,30,1,1,1
30/1/2026,D26001683,SBY,Ariyani,BARO09,QNEOC02,"Neocron 80 OL 20 X 250 ml*",200,Btl,066220,1/12/2030,16200000.000005,30,1,1,1
30/1/2026,D26001684,JBR,Yuyun,FAST07,QDUMI01,"Dumil 40 SP 100 X 100 gr*",100,Pack,20250630,1/9/2028,1899999.9999883,30,1,1,1
30/1/2026,D26001685,BWI-2,Faris,EKAJ01,QSMK27,"Smk. Inden F1 12 X 10 X 20 gr",50,Pack,437012519,10/8/2026,5050000,30,1,1,1
30/1/2026,D26001686,BWI-2,Faris,EKAJ01,QJAGU95,"Jagung Bisi 235 20 X 1 kg",100,Pack,250911CF01,29/8/2026,8400000,30,1,1,1
30/1/2026,D26001687,BWI-2,Faris,EKAJ01,QTANG08,"Tangki Yoto 6 X 5 ltr",18,Pcs,0,1/1/1000,1889999.9999973,30,1,1,1
30/1/2026,D26001688,MD-1,Reni,RIZK05,QCABR02,"Cabrio 250 EC 48 X 100 ml",2448,Btl,S25043701,1/2/2028,311399999.99996,30,1,1,1
30/1/2026,D26001688,MD-1,Reni,RIZK05,QREGE09,"Regent 50 SC Red 24 X 250 ml",1200,Btl,2589Q09604,1/9/2027,311399999.99996,30,1,1,1
30/1/2026,D26001689,MD-1,Reni,RIZK05,QREGE09,"Regent 50 SC Red 24 X 250 ml",1032,Btl,2589Q11601,1/11/2027,340200000.00001,30,1,1,1
30/1/2026,D26001689,MD-1,Reni,RIZK05,QREGE09,"Regent 50 SC Red 24 X 250 ml",1200,Btl,2589Q11601,1/11/2027,340200000.00001,30,1,1,1
30/1/2026,D26001689,MD-1,Reni,RIZK05,QREGE09,"Regent 50 SC Red 24 X 250 ml",480,Btl,2589Q09604,1/9/2027,340200000.00001,30,1,1,1
30/1/2026,D26001689,MD-1,Reni,RIZK05,QREGE09,"Regent 50 SC Red 24 X 250 ml",888,Btl,2589Q09604,1/9/2027,340200000.00001,30,1,1,1
30/1/2026,D26001690,JBR,Yuyun,AGRO52,QATON08,"Atonik 6.0 L 50 X 100 ml",150,Btl,1111022225,1/11/2030,1875000.0000108,30,1,1,1
30/1/2026,D26001691,JLS,Yuyun,BUMI04,QGIBG03,"Gibgro 10 SP 25 X 40 X 1 gr",1000,Pack,2601001,1/1/2031,3650000.0000117,30,1,1,1
30/1/2026,D26001692,MLG,Ariyani,SUMB126,QJAGU13,"Jagung NK 212 20 X 1 kg",1000,Pack,21007435,4/1/2027,180500000,0,1,1,1
30/1/2026,D26001692,MLG,Ariyani,SUMB126,QJAGU87,"Jagung NK 212 BTGT 20 X 1 kg",1000,Pack,20902956,5/10/2026,180500000,0,1,1,1
30/1/2026,D26001693,JLS,Yuyun,REST03,QVIAR02,"Viaron 80 WP 40 X 250 gr",40,Pack,50610026,1/6/2030,3019999.9999793,30,1,1,1
30/1/2026,D26001693,JLS,Yuyun,REST03,QCABR02,"Cabrio 250 EC 48 X 100 ml",15,Btl,S25043701,1/2/2028,3019999.9999793,30,1,1,1
30/1/2026,D26001694,JUT,Yuyun,MAJU09,QSPRA15,"Sprayer Elektrik Quda Karisma 16 ltr*",1,Pcs,0,1/1/1000,0,0,1,1,1
30/1/2026,D26001695,KD-2,Zakia,BERK64,QKRES07,"Kresnatop 500 SC 20 X 1 ltr",100,Btl,60113008,1/1/2031,13374999.99995,30,1,1,1
30/1/2026,D26001695,KD-2,Zakia,BERK64,QEMCL02,"Emclopir 300/20 EC 50 X 100 ml*",50,Btl,32102901NR,1/4/2028,13374999.99995,30,1,1,1
30/1/2026,D26001696,JLS,Ariyani,PUTR18,QJAGU92,"Jagung Bisi 18 20 X 1 kg (+Kaos)",100,Pack,251110BF07,6/11/2026,9900000,30,1,1,1
30/1/2026,D26001697,STB,Faris,SUMB06,QGAPL02,"Ga Plus 40 SL 30 X 15 X 35 ml*",450,Btl,I151025,1/10/2030,10574999.999973,60,1,1,1
30/1/2026,D26001698,JBR,Yuyun,TANI56,QJAGU04,"Jagung Bisi 2 20 X 1 kg",20,Pack,251030AF02,6/10/2026,1440000,30,1,1,1
30/1/2026,D26001699,JBR,Yuyun,TANI56,QDECI03,"Decis 25 EC 20 X 500 ml",1,Btl,PI41004017,1/1/2030,839499.99999369,30,1,1,1
30/1/2026,D26001699,JBR,Yuyun,TANI56,QDECI03,"Decis 25 EC 20 X 500 ml",1,Btl,PI41003865,1/8/2029,839499.99999369,30,1,1,1
30/1/2026,D26001699,JBR,Yuyun,TANI56,QDECI05,"Decis 25 EC 40 X 250 ml",4,Btl,PI41003869,1/8/2029,839499.99999369,30,1,1,1
30/1/2026,D26001699,JBR,Yuyun,TANI56,QDECI02,"Decis 25 EC 100 X 50 ml",20,Btl,PI41003963,1/11/2029,839499.99999369,30,1,1,1
30/1/2026,D26001700,KD-2,Zakia,SETI14,QVALL01,"Valley 10 x 1 kg*",20,Pack,PNB41003386,1/6/2030,1300000.0000288,30,1,1,1
30/1/2026,D26001701,JLS,Yuyun,TANI30,QMKP01,"MKP 20 X 1 kg",200,Pack,122025,1/12/2028,9599999.9999514,30,1,1,1
30/1/2026,D26001702,KD-2,Zakia,TOKO12,QVICT02,"Victory 80 WP 20 X 1 kg",20,Pack,F0425L1801,1/12/2027,8599999.9999523,0,1,1,1
30/1/2026,D26001702,KD-2,Zakia,TOKO12,QVICT03,"Victory 75 WP 20 X 1 kg",100,Pack,F0726A1501,1/1/2028,8599999.9999523,0,1,1,1
30/1/2026,D26001703,JUT,Faris,LEST16,QABAC03,"Abacel 18 EC 20 X 500 ml",20,Btl,5052084,1/7/2028,9100000.0000018,30,1,1,1
30/1/2026,D26001703,JUT,Faris,LEST16,QQIUM08,"Qiumex 36 EC 100 X 100 ml*",100,Btl,20251202,1/12/2030,9100000.0000018,30,1,1,1
30/1/2026,D26001703,JUT,Faris,LEST16,QQIUM06,"Qiumex 36 EC 40 X 250 ml*",40,Btl,20250806,1/8/2030,9100000.0000018,30,1,1,1
30/1/2026,D26001703,JUT,Faris,LEST16,QABAC07,"Abacel 18 EC 50 X 100 ml",50,Btl,25062025,1/6/2028,9100000.0000018,30,1,1,1
30/1/2026,D26001703,JUT,Faris,LEST16,QCOPC06,"Copcide 77 WP 100 X 100 gr",100,Pack,F1825L2301,1/12/2027,9100000.0000018,30,1,1,1
30/1/2026,D26001704,BWI-2,Faris,BARO67,QROUN01,"Round Up 486 SL 12 X 1 ltr",12,Btl,601006,1/1/2031,935999.99995676,0,1,1,1
30/1/2026,D26001705,BWI-2,Faris,BARO67,QJAGU92,"Jagung Bisi 18 20 X 1 kg (+Kaos)",20,Pack,251110BF07,6/11/2026,1980000,0,1,1,1
30/1/2026,D26001706,P-2,Safira,AGRO13,QCOBR04,"Cobra 15 EC 20 X 500 ml*",40,Btl,231216,1/3/2027,8190000.0000216,60,1,1,1
30/1/2026,D26001706,P-2,Safira,AGRO13,QPRIM23,"Prima-Clink 50 X 100 ml*",50,Btl,5.70E+12,1/5/2029,8190000.0000216,60,1,1,1
30/1/2026,D26001706,P-2,Safira,AGRO13,QASET02,"Asetor 250 EC 40 X 250 ml*",40,Btl,20230217,1/3/2029,8190000.0000216,60,1,1,1
30/1/2026,D26001707,P-2,Safira,MORO07,QSATG02,"Satgaz 75 WP Magic Blue 40 X 250 gr*",40,Pack,MBB07AQ,1/9/2029,1479999.9999667,0,1,1,1
30/1/2026,D26001708,JLS,Yuyun,ANGG01,QMKP01,"MKP 20 X 1 kg",40,Pack,122025,1/12/2028,1960000.0000342,30,1,1,1
30/1/2026,D26001709,SBY,Reni,MITR10,QROUN01,"Round Up 486 SL 12 X 1 ltr",24,Btl,601006,1/1/2031,3898200.0000081,30,1,1,1
30/1/2026,D26001709,SBY,Reni,MITR10,QGAND04,"Gandasil D 24 X 500 gr",6,Pack,BN5512,1/12/2028,3898200.0000081,30,1,1,1
30/1/2026,D26001709,SBY,Reni,MITR10,QABAC04,"Abacel 18 EC 40 X 250 ml",3,Btl,10072025,1/7/2028,3898200.0000081,30,1,1,1
30/1/2026,D26001709,SBY,Reni,MITR10,QAMIS02,"Amistartop 325 SC 50 X 100 ml",6,Btl,JAK5HS1234,1/8/2028,3898200.0000081,30,1,1,1
30/1/2026,D26001709,SBY,Reni,MITR10,QKLOP02,"Kloper 500 SL 12 X 1 ltr*",24,Btl,01ANT2025LY1126,1/1/2031,3898200.0000081,30,1,1,1
30/1/2026,D26001710,SBY,Reni,MITR10,QDEWA02,"Dewa Dewi 20 X 500 ml*",3,Btl,0,1/1/2031,201000.00001892,30,1,1,1
30/1/2026,D26001710,SBY,Reni,MITR10,QBACT02,"Bactocyn 150 AL 100 X 100 ml*",3,Btl,03032023,1/12/2029,201000.00001892,30,1,1,1
30/1/2026,D26001711,MD-1,Reni,ALAM01,QMETS01,"Metsulindo Plus 80 WP 8 X 25 X 40 gr*",2000,Pack,060382,1/9/2027,85000000.000023,30,1,1,1
30/1/2026,D26001711,MD-1,Reni,ALAM01,QMETS01,"Metsulindo Plus 80 WP 8 X 25 X 40 gr*",4200,Pack,060382,1/9/2027,85000000.000023,30,1,1,1
30/1/2026,D26001711,MD-1,Reni,ALAM01,QMETS01,"Metsulindo Plus 80 WP 8 X 25 X 40 gr*",2400,Pack,060366,1/8/2027,85000000.000023,30,1,1,1
30/1/2026,D26001711,MD-1,Reni,ALAM01,QMETS01,"Metsulindo Plus 80 WP 8 X 25 X 40 gr*",600,Pack,060376,1/9/2027,85000000.000023,30,1,1,1
30/1/2026,D26001711,MD-1,Reni,ALAM01,QMETS01,"Metsulindo Plus 80 WP 8 X 25 X 40 gr*",800,Pack,060377,1/9/2027,85000000.000023,30,1,1,1
30/1/2026,D26001712,MD-1,Reni,ALAM01,QROUN04,"Round Up 486 SL 50 X 200 ml",5000,Btl,601012,1/1/2031,379419999.99998,30,1,1,1
30/1/2026,D26001712,MD-1,Reni,ALAM01,QRICE04,"Ricestar Xtra 89 OD 40 X 250 ml",560,Btl,PV00001473,1/11/2026,379419999.99998,30,1,1,1
30/1/2026,D26001712,MD-1,Reni,ALAM01,QREGE03,"Regent 50 SC Red 80 X 50 ml",1600,Btl,2570Q09601,1/8/2027,379419999.99998,30,1,1,1
30/1/2026,D26001712,MD-1,Reni,ALAM01,QPREV04,"Previcur N 722SL 20 X 500 ml",400,Btl,PI42003262,1/1/2029,379419999.99998,30,1,1,1
30/1/2026,D26001712,MD-1,Reni,ALAM01,QINSU01,"Insure Max 510 FS 2 X 50 X 25 ml",100,Btl,252LQ02001,1/2/2028,379419999.99998,30,1,1,1
30/1/2026,D26001712,MD-1,Reni,ALAM01,QINSU01,"Insure Max 510 FS 2 X 50 X 25 ml",2900,Btl,252LQ02001,1/2/2028,379419999.99998,30,1,1,1
30/1/2026,D26001713,MD-1,Reni,ALAM01,QEM-401,"EM-4 Ternak (LC) 15 X 1 ltr",750,Btl,281225,1/12/2027,282624999.99998,30,1,1,1
30/1/2026,D26001713,MD-1,Reni,ALAM01,QGIBG03,"Gibgro 10 SP 25 X 40 X 1 gr",19490,Pack,2601001,1/1/2031,282624999.99998,30,1,1,1
30/1/2026,D26001713,MD-1,Reni,ALAM01,QGIBG03,"Gibgro 10 SP 25 X 40 X 1 gr",30510,Pack,2601001,1/1/2031,282624999.99998,30,1,1,1
30/1/2026,D26001713,MD-1,Reni,ALAM01,QATON07,"Atonik 6.0 L 15 X 500 ml",750,Btl,071102125,1/7/2030,282624999.99998,30,1,1,1
30/1/2026,D26001713,MD-1,Reni,ALAM01,QATON09,"Atonik 6.0 L 30 X 250 ml",1500,Btl,1011022225,1/10/2030,282624999.99998,30,1,1,1
30/1/2026,M26000022,KIU,"Customer Service",KARI07,AQIUS01,"Qiustar 400 EC 50 X 100 ml*",10,Btl,0,1/5/2028,0,0,1,1,1
30/1/2026,M26000022,KIU,"Customer Service",KARI07,AEVER06,"Ever Green Asam Humat 25 X 250 ml (Sample)",15,Btl,0,1/10/2030,0,0,1,1,1
30/1/2026,M26000022,KIU,"Customer Service",KARI07,AEVER05,"Ever Green Asam Amino 25 X 250 ml (Sample)",14,Btl,0,1/10/2030,0,0,1,1,1
30/1/2026,M26000022,KIU,"Customer Service",KARI07,ABIOC11,"Biochems Vit B1+B6 25 X 250 ml (Sample)",11,Btl,0,1/11/2030,0,0,1,1,1
30/1/2026,N26000016,SBY,Reni,MITR10,ABASG01,"Basgent 55 SC 100 X 50 ml",12,Btl,BSN25081550,1/8/2030,192000,30,1,1,1
30/1/2026,T26000108,KD-2,Zakia,TANI49,QSTAR13,"Stardon 60 WP 10 X 8 X 100 gr",80,Pack,255006,1/4/2030,16960000.000021,60,1,1,1
30/1/2026,T26000108,KD-2,Zakia,TANI49,QGLUF03,"Glufa 200 SL 20 X 1 ltr",220,Btl,0222020078,1/10/2029,16960000.000021,60,1,1,1
30/1/2026,T26000109,BWI-2,Faris,REST08,QQIUT02,"Qiutane 80 WP 25 X 800 gr Biru*",25,Pack,240812,1/9/2028,2124999.9999856,60,1,1,1
30/1/2026,T26000110,STB,Faris,ZAIN21,QJAGU91,"Jagung Bisi 959 20 X 1 kg + Kaos*",20,Pack,251104BF01,3/11/2026,2000000,0,1,1,1
30/1/2026,Z26000288,P-2,Safira,KARY22,QSMK24,"Smk. Madrid F1 12 X 10 X 20 gr*",138,Pack,230012601,22/4/2027,39330000,0,1,1,1
30/1/2026,Z26000289,JLS,Yuyun,MERD01,QMAES02,"Maestro 200 EC 20 X 500 ml",300,Btl,20251010,1/10/2030,38299999.999995,30,1,1,1
30/1/2026,Z26000289,JLS,Yuyun,MERD01,QMAES01,"Maestro 200 EC 10 X 1 ltr",100,Btl,20250916,1/9/2030,38299999.999995,30,1,1,1
30/1/2026,Z26000290,BWI-1,Faris,LANG01,QDUMI01,"Dumil 40 SP 100 X 100 gr*",100,Pack,20250630,1/9/2028,8280000.0000405,30,1,1,1
30/1/2026,Z26000290,BWI-1,Faris,LANG01,QKNO301,"KNO3 Merah P Tani 15 X 2 kg",120,Pack,01052025738,1/12/2028,8280000.0000405,30,1,1,1
30/1/2026,Z26000291,LMJ,Ariyani,SUMB48,QMELO26,"Melon Amanda Tavi F1 20 X 10 X 550 biji",50,Pack,260112AF01,1/7/2027,9000000,30,1,1,1
30/1/2026,Z26000292,P-2,Safira,KARY22,QTUNT03,"Tuntas 300/100 SL 20 X 1 ltr",240,Btl,60115004,1/1/2031,8999999.9999919,30,1,1,1
