tgl_inputer,kd_faktur,kd_rute,kd_customer,kd_barang,nama_barang,qty,satuan,no_lot,tgl_exp,nominal_p,jtempo,upload_sts,data_sts,barang_sts,create_at
1/11/2025,A25002084,JUBS,ONLI01,QTHRO04,"Throne 250 EC 48 X 100 ml",1,Btl,3801DD3843,1/9/2028,60499.999995495,0,1,1,1,"2025-11-01 15:01:12"
1/11/2025,A25002085,JUBS,ONLI01,QJAGU98,"Jagung Q-235 10 X 1 Kg + Paket GG Akar Akrostar ",2,Pack,9/074/25,19/12/2025,240224,0,1,1,1,"2025-11-01 15:01:12"
1/11/2025,A25002086,JUBS,ONLI01,QAGXA01,"Agxanazol 200/150 SC 50 X 100 ml*",1,Btl,20240825,1/9/2028,60360.000021622,0,1,1,1,"2025-11-01 15:01:12"
1/11/2025,A25002087,JUBS,ONLI02,QKING03,"Kingdom 550 SC 20 X 1 ltr*",1,Btl,24123101,1/11/2029,115950.00004054,0,1,1,1,"2025-11-01 15:01:12"
1/11/2025,A25002088,JUBS,ONLI01,QAKAL03,"Akalis 550 SC 40 X 250 ml",2,Btl,ADV075A007,1/9/2027,186254.0000036,0,1,1,1,"2025-11-01 15:01:12"
1/11/2025,B25014091,SBY,RICK05,QSCOR02,"Score 250 EC 40 X 250 ml",40,Btl,JAK4H02053,1/8/2026,9249999.9999667,0,1,1,1,"2025-11-01 15:01:12"
1/11/2025,B25014091,SBY,RICK05,QEMAC03,"Emacel 30 EC 20 X 500 ml*",20,Btl,22062025,1/6/2028,9249999.9999667,0,1,1,1,"2025-11-01 15:01:12"
1/11/2025,B25014092,SBY,SUMB115,QJAGU58,"Jagung NK 7202 20 X 1 kg",500,Pack,20899632,5/10/2026,114250000,0,1,1,1,"2025-11-01 15:01:12"
1/11/2025,B25014092,SBY,SUMB115,QJAGU94,"Jagung NK 7328 BTGT 20 X 1 kg",500,Pack,20891744,5/10/2026,114250000,0,1,1,1,"2025-11-01 15:01:12"
1/11/2025,B25014093,JLS,SUBU05,QCOPC02,"Copcide 77 WP 20 X 1 kg",100,Pack,F1825H1501,1/8/2027,20649999.999996,30,1,1,1,"2025-11-01 15:01:12"
1/11/2025,B25014094,MD-1,BERK01,QEROS01,"Eros Gold 0.75/30 DF 50 X 100 gr",5750,Pack,FW3EG30707,1/6/2027,94875000.000027,14,1,1,1,"2025-11-01 15:01:12"
1/11/2025,B25014095,JUBS,KUMP01,QKUBI03,"Kubis Green Nova 100 X 10 X 20 ml",1000,Pack,3230007640-28HT,1/8/2027,114000000,30,1,1,1,"2025-11-01 15:01:12"
1/11/2025,B25014096,PROB,TANI06,QKUBI03,"Kubis Green Nova 100 X 10 X 20 ml",150,Pack,3230007640-28HT,1/8/2027,17550000,30,1,1,1,"2025-11-01 15:01:12"
1/11/2025,B25014097,SBY,ANDA01,QVIST01,"Vista 400 SL 16 X 1 ltr*",32,Btl,40418006,1/4/2029,5349999.9999802,30,1,1,1,"2025-11-01 15:01:12"
1/11/2025,B25014097,SBY,ANDA01,QVIST02,"Vista 400 SL 20 X 500 ml*",100,Btl,50902010,1/9/2030,5349999.9999802,30,1,1,1,"2025-11-01 15:01:12"
1/11/2025,B25014098,PROB,BUMI01,QROUN04,"Round Up 486 SL 50 X 200 ml",7500,Btl,510012,1/10/2030,145874999.99998,30,1,1,1,"2025-11-01 15:01:12"
1/11/2025,B25014099,BWI-1,HART04,QJAGU70,"Jagung P27 Gajah 20 X 1 kg",20,Pack,022DKMAFINEI007,4/5/2026,1950000,30,1,1,1,"2025-11-01 15:01:12"
1/11/2025,B25014100,BWI-1,HART04,QFONI01,"Fonium 200 SL 20 X 1 ltr",1,Btl,223300003,1/4/2029,2479999.9999658,30,1,1,1,"2025-11-01 15:01:12"
1/11/2025,B25014100,BWI-1,HART04,QGLUF03,"Glufa 200 SL 20 X 1 ltr",5,Btl,0222020034,1/6/2029,2479999.9999658,30,1,1,1,"2025-11-01 15:01:12"
1/11/2025,B25014100,BWI-1,HART04,QPRIM27,"Prima-Zol 250 EC 20 X 500 ml*",5,Btl,5.01E+11,1/10/2029,2479999.9999658,30,1,1,1,"2025-11-01 15:01:12"
1/11/2025,B25014100,BWI-1,HART04,QFONI01,"Fonium 200 SL 20 X 1 ltr",4,Btl,20250831,1/10/2029,2479999.9999658,30,1,1,1,"2025-11-01 15:01:12"
1/11/2025,B25014100,BWI-1,HART04,QPENT01,"Penta So-Z 505 SL 20 X 1 ltr + 1 pack Penta-Furon 5 gr*",20,Btl,4503125052818,1/7/2030,2479999.9999658,30,1,1,1,"2025-11-01 15:01:12"
1/11/2025,B25014101,BWI-1,HART04,QUNIG01,"Unigo 400/40 EC 25 X 400 ml*",5,Btl,20240318011,1/3/2026,1425000.0000162,30,1,1,1,"2025-11-01 15:01:12"
1/11/2025,B25014101,BWI-1,HART04,QAGXA02,"Agxanazol 200/150 SC 20 X 250 ml*",10,Btl,20240910,1/11/2028,1425000.0000162,30,1,1,1,"2025-11-01 15:01:12"
1/11/2025,B25014102,JLS,CENT04,QJAGU104,"Jagung Manis Exsotic F1 40 X 1750 biji",20,Pack,2251913,1/7/2026,2835000,0,1,1,1,"2025-11-01 15:01:12"
1/11/2025,B25014102,JLS,CENT04,QJAGU104,"Jagung Manis Exsotic F1 40 X 1750 biji",10,Pack,2241896,1/7/2026,2835000,0,1,1,1,"2025-11-01 15:01:12"
1/11/2025,B25014103,JLS,CENT04,QJAGU81,"Jagung Manis Panglima F1 40 X 1750 biji",40,Pack,2251779,1/6/2026,3720000,0,1,1,1,"2025-11-01 15:01:12"
1/11/2025,B25014104,JLS,CENT04,QDELL04,"Dellacid 525 EC 25 X 500 ml*",10,Btl,23030917,1/2/2028,1239999.9999829,30,1,1,1,"2025-11-01 15:01:12"
1/11/2025,B25014104,JLS,CENT04,QDELL01,"Dellacid 525 EC 40 x 200 ml*",10,Btl,24053103,1/4/2029,1239999.9999829,30,1,1,1,"2025-11-01 15:01:12"
1/11/2025,B25014105,SBY,RICK05,QEMAC05,"Emacel 30 EC 40 X 250 ml*",40,Btl,10062025,1/6/2028,2779999.9999955,0,1,1,1,"2025-11-01 15:01:12"
1/11/2025,B25014106,P-1,DUTA03,QMAES02,"Maestro 200 EC 20 X 500 ml",100,Btl,20250423,1/4/2030,18200000.000004,60,1,1,1,"2025-11-01 15:01:12"
1/11/2025,B25014106,P-1,DUTA03,QBAST03,"Bastnate 200 SL 12 X 1 ltr*",132,Btl,25RFS3132,1/6/2030,18200000.000004,60,1,1,1,"2025-11-01 15:01:12"
1/11/2025,B25014107,KD-1,SUMB59,QPADI09,"Padi Janger Logawa 4 X 5 kg*",48,Pack,2503063,14/4/2026,28500000,60,1,1,1,"2025-11-01 15:01:12"
1/11/2025,B25014107,KD-1,SUMB59,QPADI09,"Padi Janger Logawa 4 X 5 kg*",252,Pack,2503063,14/4/2026,28500000,60,1,1,1,"2025-11-01 15:01:12"
1/11/2025,B25014108,MD-2,NUAN01,QINSU01,"Insure Max 510 FS 2 X 50 X 25 ml",2000,Btl,252LQ02003,1/10/2027,111000000,30,1,1,1,"2025-11-01 15:01:12"
1/11/2025,B25014108,MD-2,NUAN01,QBLAS01,"Blast 200 SC 20 X 500 ml",80,Btl,3502EE3521,1/8/2029,111000000,30,1,1,1,"2025-11-01 15:01:12"
1/11/2025,B25014108,MD-2,NUAN01,QBLAS01,"Blast 200 SC 20 X 500 ml",320,Btl,3901EE3941,1/9/2029,111000000,30,1,1,1,"2025-11-01 15:01:12"
1/11/2025,B25014108,MD-2,NUAN01,QORON01,"Orondis Opti 6/400 SC 20 X 500 ml",100,Btl,JAK5E28SB4,1/5/2030,111000000,30,1,1,1,"2025-11-01 15:01:12"
1/11/2025,B25014109,JUBS,SUMB06,QJAGU13,"Jagung NK 212 20 X 1 kg",100,Pack,20807233,7/9/2026,8050000,0,1,1,1,"2025-11-01 15:01:12"
1/11/2025,B25014110,JLS,TANI30,QABOJ01,"Abojo 60 WP 100 X 100 gr",100,Pack,ADV2720140425ST,1/4/2030,4950000.0000405,0,1,1,1,"2025-11-01 15:01:12"
1/11/2025,B25014111,JLS,TANI30,QSTAR13,"Stardon 60 WP 10 X 8 X 100 gr",80,Pack,255005,1/3/2030,4239999.9999802,60,1,1,1,"2025-11-01 15:01:12"
1/11/2025,B25014112,JLS,TANI30,QTIMU04,"Timun Renes F1 12 X 15 X 10 gr*",3,Pack,229210729,13/3/2027,1380000,30,1,1,1,"2025-11-01 15:01:12"
1/11/2025,B25014112,JLS,TANI30,QTIMU29,"Timun Semi F1 12 X 10 X 20 gr*",30,Pack,2712509595,28/4/2027,1380000,30,1,1,1,"2025-11-01 15:01:12"
1/11/2025,B25014113,JUBS,TANI114,QMAGI01,"Magicxone 138 SL 20 X 1 ltr",220,Btl,MGX2508161013,1/8/2030,5799999.9999748,30,1,1,1,"2025-11-01 15:01:12"
1/11/2025,B25014114,SBY,MEKA12,QASIA01,"Asia Top 288 SL 20 X 1 ltr*",220,Btl,201251037212,1/10/2030,9200000.0000117,30,1,1,1,"2025-11-01 15:01:12"
1/11/2025,B25014115,JUBS,SARI25,QROTR02,"Rotraz 200 EC 50 X 100 ml*",525,Btl,81080,1/2/2026,11287499.999981,0,1,1,1,"2025-11-01 15:01:12"
1/11/2025,B25014116,MD-2,WISD01,QABAC07,"Abacel 18 EC 50 X 100 ml",50,Btl,15052025,1/5/2028,5425000.0000126,0,1,1,1,"2025-11-01 15:01:12"
1/11/2025,B25014116,MD-2,WISD01,QMANO01,"Manohara 20 X 1 kg*",40,Pack,0,1/9/2030,5425000.0000126,0,1,1,1,"2025-11-01 15:01:12"
1/11/2025,B25014116,MD-2,WISD01,QTUNT03,"Tuntas 300/100 SL 20 X 1 ltr*",80,Btl,51027156,1/10/2030,5425000.0000126,0,1,1,1,"2025-11-01 15:01:12"
1/11/2025,B25014117,PROB,SUMB23,QFONI01,"Fonium 200 SL 20 X 1 ltr",100,Btl,20250831,1/10/2029,6500000.0000441,30,1,1,1,"2025-11-01 15:01:12"
1/11/2025,B25014118,JLS,BUMI04,QABAC07,"Abacel 18 EC 50 X 100 ml",50,Btl,15052025,1/5/2028,2674999.9999901,30,1,1,1,"2025-11-01 15:01:12"
1/11/2025,B25014118,JLS,BUMI04,QEMAC01,"Emacel 30 EC 50 X 100 ml*",50,Btl,20062025,1/6/2028,2674999.9999901,30,1,1,1,"2025-11-01 15:01:12"
1/11/2025,B25014119,JUBS,FAST07,QCAUL06,"Cauli Flower Kiran F1 50 X 10 X 10 gr",50,Pack,784420,1/4/2027,6750000,30,1,1,1,"2025-11-01 15:01:12"
1/11/2025,B25014120,JUBS,FAST07,QBLUE01,"Bluezeb 80 WP 20 X 1 kg*",100,Pack,BWYMNZ8083,1/4/2028,8599999.9999523,30,1,1,1,"2025-11-01 15:01:12"
1/11/2025,B25014121,BLI-1,BRAT01,QMUL121,"Mulsa Hanoman 60 cm X 17 kg (Roll)*",10,Roll,0,1/1/1000,5779999.9999928,0,1,1,1,"2025-11-01 15:01:12"
1/11/2025,B25014122,"B Agronomis",GUNT03,QCAUL06,"Cauli Flower Kiran F1 50 X 10 X 10 gr",10,Pack,784420,1/4/2027,1350000,0,1,1,1,"2025-11-01 15:01:12"
1/11/2025,B25014123,BLI-1,RAHM03,QANVI01,"Anvil 50 SC 10 X 1 ltr",30,Btl,JAK5H1381X,1/8/2027,38620000.000007,30,1,1,1,"2025-11-01 15:01:12"
1/11/2025,B25014123,BLI-1,RAHM03,QCHAM02,"Champion 77 WP 14 X 1 kg",140,Pack,2506007,1/6/2030,38620000.000007,30,1,1,1,"2025-11-01 15:01:12"
1/11/2025,B25014124,BLI-2,ASRI01,QGWVI01,"GW Vit B1+B6 24 X 500 ml*",24,Btl,VVHHSTE,1/3/2028,6463999.9999766,30,1,1,1,"2025-11-01 15:01:12"
1/11/2025,B25014124,BLI-2,ASRI01,QNEMA03,"Nemaguard 10 GR 10 X 1 kg*",50,Pack,181093,1/11/2029,6463999.9999766,30,1,1,1,"2025-11-01 15:01:12"
1/11/2025,B25014125,BLI-1,PUTR38,QACAP02,"Acapela System 280 SC 50 X 100 ml",250,Btl,C668P6R001,1/6/2027,32649999.999986,0,1,1,1,"2025-11-01 15:01:12"
1/11/2025,B25014125,BLI-1,PUTR38,QAMIS03,"Amistartop 325 SC 20 X 250 ml",40,Btl,"JAK4LS1344 (tanpa BC)",1/12/2027,32649999.999986,0,1,1,1,"2025-11-01 15:01:12"
1/11/2025,B25014125,BLI-1,PUTR38,QGARE01,"GA Recovery 20 X 500 ml*",60,Btl,153667A,1/8/2028,32649999.999986,0,1,1,1,"2025-11-01 15:01:12"
1/11/2025,B25014126,BLI-2,SAND02,QGWVI01,"GW Vit B1+B6 24 X 500 ml*",24,Btl,VVHHSTE,1/3/2028,3707999.9999595,30,1,1,1,"2025-11-01 15:01:12"
1/11/2025,B25014126,BLI-2,SAND02,QGWVI09,"GW Vit B1+B6 12 X 998 ml",12,Btl,JQIA55V,1/1/2031,3707999.9999595,30,1,1,1,"2025-11-01 15:01:12"
1/11/2025,B25014127,P-2,LONT01,QREGE09,"Regent 50 SC Red 24 X 250 ml",240,Btl,2589Q06604,1/6/2027,80154999.999988,30,1,1,1,"2025-11-01 15:01:12"
1/11/2025,B25014127,P-2,LONT01,QREGE02,"Regent 50 SC Red 48 X 100 ml",240,Btl,2571Q07603,1/7/2027,80154999.999988,30,1,1,1,"2025-11-01 15:01:12"
1/11/2025,B25014127,P-2,LONT01,QRUMP01,"Rumpas 110 EW 100 X 100 ml",500,Btl,PITL003514,1/8/2027,80154999.999988,30,1,1,1,"2025-11-01 15:01:12"
1/11/2025,B25014127,P-2,LONT01,QINSU01,"Insure Max 510 FS 2 X 50 X 25 ml",500,Btl,252LQ02003,1/10/2027,80154999.999988,30,1,1,1,"2025-11-01 15:01:12"
1/11/2025,B25014127,P-2,LONT01,QREGE03,"Regent 50 SC Red 80 X 50 ml",400,Btl,2570Q06602,1/5/2027,80154999.999988,30,1,1,1,"2025-11-01 15:01:12"
1/11/2025,B25014128,P-2,LONT01,QRICE04,"Ricestar Xtra 89 OD 40 X 250 ml",45,Btl,PV00001473,1/11/2026,65974999.999963,30,1,1,1,"2025-11-01 15:01:12"
1/11/2025,B25014128,P-2,LONT01,QRICE04,"Ricestar Xtra 89 OD 40 X 250 ml",155,Btl,PV00001473,1/11/2026,65974999.999963,30,1,1,1,"2025-11-01 15:01:12"
1/11/2025,B25014128,P-2,LONT01,QRICE03,"Ricestar Xtra 89 OD 100 X 100 ml",300,Btl,PV00001467,1/11/2026,65974999.999963,30,1,1,1,"2025-11-01 15:01:12"
1/11/2025,B25014128,P-2,LONT01,QRUMP02,"Rumpas 110 EW 40 X 250 ml",86,Btl,PITL003516,1/8/2027,65974999.999963,30,1,1,1,"2025-11-01 15:01:12"
1/11/2025,B25014128,P-2,LONT01,QRUMP02,"Rumpas 110 EW 40 X 250 ml",114,Btl,PITL003516,1/8/2027,65974999.999963,30,1,1,1,"2025-11-01 15:01:12"
1/11/2025,B25014129,JUBS,FAJA04,QGLUF03,"Glufa 200 SL 20 X 1 ltr",1140,Btl,0222020056,1/9/2029,65000000.000041,30,1,1,1,"2025-11-01 15:01:12"
1/11/2025,B25014130,SBY,SINA30,QJAGU58,"Jagung NK 7202 20 X 1 kg",80,Pack,20899632,5/10/2026,19200000,0,1,1,1,"2025-11-01 15:01:12"
1/11/2025,B25014130,SBY,SINA30,QJAGU58,"Jagung NK 7202 20 X 1 kg",120,Pack,20899632,5/10/2026,19200000,0,1,1,1,"2025-11-01 15:01:12"
1/11/2025,B25014131,BLI-2,SAND02,QMKP01,"MKP 20 X 1 kg",60,Pack,12202461082025,1/8/2028,26040000.000041,30,1,1,1,"2025-11-01 15:01:12"
1/11/2025,B25014131,BLI-2,SAND02,QMULS85,"Mulsa Karisma Q989 60 cm X 17 kg (Roll)*",20,Roll,0,1/1/1000,26040000.000041,30,1,1,1,"2025-11-01 15:01:12"
1/11/2025,B25014131,BLI-2,SAND02,QPOTT09,"Pot Tray Dexxan 100 X 200 lubang",1500,Pcs,0,1/1/1000,26040000.000041,30,1,1,1,"2025-11-01 15:01:12"
1/11/2025,B25014132,BWI-2,DINO01,QAGRI04,"Agristick 400 L 12 X 1 ltr",24,Btl,PI43004647,1/10/2027,2328000.0000027,30,1,1,1,"2025-11-01 15:01:12"
1/11/2025,B25014133,BWI-2,DINO01,QKARI01,"Karissnail 6 PL 20 X 500 gr (M2U)*",60,Pack,29173401,1/8/2028,3420000.0000189,60,1,1,1,"2025-11-01 15:01:12"
1/11/2025,B25014134,BWI-1,MUST05,QJAGU101,"Jagung Manis Golden Boy F1 40 X +/-1800 biji",40,Pack,250918AF01,1/6/2026,2720000,30,1,1,1,"2025-11-01 15:01:12"
1/11/2025,B25014135,BWI-1,MUST05,QABAC04,"Abacel 18 EC 40 X 250 ml",40,Btl,15062025,1/6/2028,3660000.0000027,30,1,1,1,"2025-11-01 15:01:12"
1/11/2025,B25014135,BWI-1,MUST05,QABAC03,"Abacel 18 EC 20 X 500 ml",20,Btl,10072025,1/7/2028,3660000.0000027,30,1,1,1,"2025-11-01 15:01:12"
1/11/2025,B25014136,SBY,BUAN02,QREAC06,"ReAktif 490 SL 4 X 5 ltr",44,Gal,25100220,1/9/2030,10599999.99995,0,1,1,1,"2025-11-01 15:01:12"
1/11/2025,B25014137,SBY,GUNA02,QMIPC02,"Mipcinta 50 WP 20 X 5 X 100 gr",100,Pack,49060515,1/6/2030,1049999.9999541,30,1,1,1,"2025-11-01 15:01:12"
1/11/2025,B25014138,BWI-2,TANI190,QLUDE01,"Ludes 50 EC 50 X 100 ml*",10,Btl,29193201,1/10/2026,1770000.0000054,60,1,1,1,"2025-11-01 15:01:12"
1/11/2025,B25014138,BWI-2,TANI190,QFUTA22,"Futay-7 (Sayuran Buah) 50 X 250 ml*",10,Btl,22213313,1/2/2028,1770000.0000054,60,1,1,1,"2025-11-01 15:01:12"
1/11/2025,B25014139,SBY,MURN03,QJAGU13,"Jagung NK 212 20 X 1 kg",100,Pack,20807233,7/9/2026,17700000,0,1,1,1,"2025-11-01 15:01:12"
1/11/2025,B25014139,SBY,MURN03,QJAGU58,"Jagung NK 7202 20 X 1 kg",100,Pack,20899632,5/10/2026,17700000,0,1,1,1,"2025-11-01 15:01:12"
1/11/2025,B25014140,JLS,KONC18,QSPRA15,"Sprayer Elektrik Quda Karisma 16 ltr*",1,Pcs,0,1/1/1000,0,0,1,1,1,"2025-11-01 15:01:12"
1/11/2025,B25014141,BWI-3,MUNA01,QSTAR02,"Starkuat 135 SL 20 X 1 ltr",60,Btl,0102090550,1/2/2028,10699999.99996,30,1,1,1,"2025-11-01 15:01:12"
1/11/2025,B25014141,BWI-3,MUNA01,QQIUV06,"Qiuvita Merah 16.11.32 20 X 500 gr*",20,Pack,590720,1/7/2028,10699999.99996,30,1,1,1,"2025-11-01 15:01:12"
1/11/2025,B25014141,BWI-3,MUNA01,QDEKA01,"Dekamon 22.43 L 20 X 500 ml",20,Btl,BN1528,1/7/2028,10699999.99996,30,1,1,1,"2025-11-01 15:01:12"
1/11/2025,B25014141,BWI-3,MUNA01,QSTAR05,"Starkuat 135 SL 4 X 5 ltr",12,Btl,102090505,1/8/2028,10699999.99996,30,1,1,1,"2025-11-01 15:01:12"
1/11/2025,B25014141,BWI-3,MUNA01,QGRIB01,"Gibraz 20/125 OD 100 X 80 ml*",100,Btl,2023SM0910,1/9/2028,10699999.99996,30,1,1,1,"2025-11-01 15:01:12"
1/11/2025,B25014142,BWI-2,SUMB61,QSMK27,"Smk. Inden F1 12 X 10 X 20 gr",8,Pack,437012519,10/8/2026,920000,30,1,1,1,"2025-11-01 15:01:12"
1/11/2025,B25014143,BWI-3,MUNA01,QTALI06,"Tali Gawar 989 40 X 600 gr*",80,Slop,0,1/1/1000,2400000.0000378,30,1,1,1,"2025-11-01 15:01:12"
1/11/2025,B25014144,PROB,BUMI01,QBUNC02,"Buncis Lebat-3 40 X 500 gr",40,Pack,251020AF01,18/4/2027,1960000,0,1,1,1,"2025-11-01 15:01:12"
1/11/2025,B25014145,PROB,DELI01,QPADI14,"Padi Q-989 Ciherang 4 X 5 kg*",60,Pack,82,29/3/2026,18400000,60,1,1,1,"2025-11-01 15:01:12"
1/11/2025,B25014145,PROB,DELI01,QPADI07,"Padi Janger Ciherang 4 X 5 kg*",12,Pack,2502061,10/4/2026,18400000,60,1,1,1,"2025-11-01 15:01:12"
1/11/2025,B25014145,PROB,DELI01,QPADI07,"Padi Janger Ciherang 4 X 5 kg*",128,Pack,2502061,10/4/2026,18400000,60,1,1,1,"2025-11-01 15:01:12"
1/11/2025,B25014146,SBY,BARO09,QRATO01,"Ratol 80 P 10 X 100 X 10 gr*",1000,Pack,FW80ZNP002,1/6/2027,2999999.9999973,30,1,1,1,"2025-11-01 15:01:12"
1/11/2025,B25014147,MLG,TANI259,QGOLD21,"GG Akar 80 X 5 ml + Brosur (M2U)",80,Pack,11193402,1/10/2028,559999.9999955,60,1,1,1,"2025-11-01 15:01:12"
1/11/2025,B25014148,MLG,SUMB41,QGALL24,"Gallery 403 SL 10 X 1 ltr + SG.03 100 gr",20,Btl,26183401,1/9/2029,1699999.9999685,30,1,1,1,"2025-11-01 15:01:12"
1/11/2025,B25014149,BWI-1,LANG01,QTUNT03,"Tuntas 300/100 SL 20 X 1 ltr*",160,Btl,51027156,1/10/2030,6960000.0000297,30,1,1,1,"2025-11-01 15:01:12"
3/11/2025,B25014150,JUBS,FAJA04,QMETS01,"Metsulindo Plus 80 WP 8 X 25 X 40 gr*",74,Pack,060266,1/1/2027,134124999.99997,30,1,1,1,"2025-11-01 15:01:12"
3/11/2025,B25014150,JUBS,FAJA04,QMETS01,"Metsulindo Plus 80 WP 8 X 25 X 40 gr*",9926,Pack,060269,1/1/2027,134124999.99997,30,1,1,1,"2025-11-01 15:01:12"
3/11/2025,B25014150,JUBS,FAJA04,QLEMA01,"Lem Ajaib 50 X 100 ml*",750,Btl,17103414,1/10/2028,134124999.99997,30,1,1,1,"2025-11-01 15:01:12"
3/11/2025,B25014151,BWI-1,SUWA01,QSAWI06,"Sawi Majapahit 12 X 15 X 25 gr*",75,Pack,61062505,8/8/2026,4775000,30,1,1,1,"2025-11-01 15:01:12"
3/11/2025,B25014151,BWI-1,SUWA01,QMELO11,"Melon Jumbo F1 12 X 10 X 20 gr",10,Pack,240250663,2/3/2027,4775000,30,1,1,1,"2025-11-01 15:01:12"
3/11/2025,B25014152,BWI-1,ARUM01,QJAGU70,"Jagung P27 Gajah 20 X 1 kg",20,Pack,022DKMAFINEI007,4/5/2026,3650000,0,1,1,1,"2025-11-01 15:01:12"
3/11/2025,B25014152,BWI-1,ARUM01,QJAGU95,"Jagung Bisi 235 20 X 1 kg",20,Pack,250911CF01,29/8/2026,3650000,0,1,1,1,"2025-11-01 15:01:12"
3/11/2025,B25014153,P-2,SUMB47,QNEOC02,"Neocron 80 OL 20 X 250 ml*",1100,Btl,066200,1/3/2030,575699999.99995,60,1,1,1,"2025-11-01 15:01:12"
3/11/2025,B25014153,P-2,SUMB47,QNEOC02,"Neocron 80 OL 20 X 250 ml*",140,Btl,066202,1/4/2030,575699999.99995,60,1,1,1,"2025-11-01 15:01:12"
3/11/2025,B25014153,P-2,SUMB47,QNEOC03,"Neocron 80 OL 15 X 1 ltr*",1650,Btl,066202,1/5/2030,575699999.99995,60,1,1,1,"2025-11-01 15:01:12"
3/11/2025,B25014154,SBY,SUMB201,QTANG48,"Tangki TOP AGRI Double Fungsi 16 ltr baterai*",4,Pcs,0,1/1/1000,13500000.000038,0,1,1,1,"2025-11-01 15:01:12"
3/11/2025,B25014154,SBY,SUMB201,QTANG48,"Tangki TOP AGRI Double Fungsi 16 ltr baterai*",10,Pcs,0,1/1/1000,13500000.000038,0,1,1,1,"2025-11-01 15:01:12"
3/11/2025,B25014154,SBY,SUMB201,QTANG48,"Tangki TOP AGRI Double Fungsi 16 ltr baterai*",16,Pcs,0,1/1/1000,13500000.000038,0,1,1,1,"2025-11-01 15:01:12"
3/11/2025,B25014155,JLS,WIRA02,QPADI50,"Padi Q-989 Inpari 49 4 X 5 kg + GG Akar & Brosur",20,Pack,65,29/3/2026,1700000,30,1,1,1,"2025-11-01 15:01:12"
3/11/2025,B25014156,PROB,TANI06,QPADI22,"Padi Janger Inpari-32 4 X 5 kg*",20,Pack,2501057,10/4/2026,1920000,60,1,1,1,"2025-11-01 15:01:12"
1/11/2025,C25000920,JUBS,NNBR01,QAGUS01,"Agus 500 SC 100 X 100 ml*",1,Btl,ADV133N055,1/5/2028,65000.000041441,0,1,1,1,"2025-11-01 15:01:12"
1/11/2025,C25000921,JUBS,NNBU01,QKING03,"Kingdom 550 SC 20 X 1 ltr*",3,Btl,24123101,1/11/2029,286499.99999189,0,1,1,1,"2025-11-01 15:01:12"
1/11/2025,C25000922,JUBS,NNBA01,QKUBI21,"Kubis Hibrida F1 Kaelo 30 X 15 gr",2,Pack,104665868,11/12/2025,174000,0,1,1,1,"2025-11-01 15:01:12"
1/11/2025,C25000923,JUBS,NNAS01,QKARI16,"Karimazu 590 EC 40 X 200 ml (Label Baru)*",2,Btl,L100824,1/8/2029,82499.999975676,0,1,1,1,"2025-11-01 15:01:12"
1/11/2025,C25000923,JUBS,NNAS01,QNOZZ01,"Nozzle YT 4L, 5L, 7L & 9L",1,Pcs,0,1/1/1000,82499.999975676,0,1,1,1,"2025-11-01 15:01:12"
3/11/2025,C25000924,JUBS,NNTA01,QTAEK01,"Taekwando 25 EC 20 X 1 ltr",1,Btl,240909,1/9/2029,81000.000027027,0,1,1,1,"2025-11-01 15:01:12"
3/11/2025,C25000925,SBY,FARM02,QANET07,"Aneto 50 EC 30 X 500 ml + Neptune 8 gr (M2U)*",10,Btl,28183401,1/9/2028,1379999.9999568,0,1,1,1,"2025-11-01 15:01:12"
3/11/2025,C25000926,SBY,FARM02,QJAGU98,"Jagung Q-235 10 X 1 Kg + Paket GG Akar Akrostar ",1,Pack,9/074/25,19/12/2025,93500,0,1,1,1,"2025-11-01 15:01:12"
1/11/2025,D25016388,KD-1,MULU01,QEMAC01,"Emacel 30 EC 50 X 100 ml*",50,Btl,20062025,1/6/2028,1550000.0000036,30,1,1,1,"2025-11-01 15:01:12"
1/11/2025,D25016389,P-1,HIKM01,QMOSP03,"Mospilan 30 EC 48 X 100 ml",240,Btl,0605EE0643,1/2/2029,13889999.999986,60,1,1,1,"2025-11-01 15:01:12"
1/11/2025,D25016389,P-1,HIKM01,QMOSP02,"Mospilan 30 EC 20 X 400 ml",100,Btl,1234EE1332,1/3/2029,13889999.999986,60,1,1,1,"2025-11-01 15:01:12"
1/11/2025,D25016390,P-1,HIKM01,QJAGU58,"Jagung NK 7202 20 X 1 kg",500,Pack,20899632,5/10/2026,48250000,0,1,1,1,"2025-11-01 15:01:12"
1/11/2025,D25016391,JUBS,FAST07,QKUBI03,"Kubis Green Nova 100 X 10 X 20 ml",1000,Pack,3230007640-28HT,1/8/2027,114250000,30,1,1,1,"2025-11-01 15:01:12"
1/11/2025,D25016392,P-1,BARO46,QNEOC01,"Neocron 80 OL 20 X 500 ml*",400,Btl,066194,1/2/2030,186049999.99999,60,1,1,1,"2025-11-01 15:01:12"
1/11/2025,D25016392,P-1,BARO46,QMAES02,"Maestro 200 EC 20 X 500 ml",100,Btl,20250423,1/4/2030,186049999.99999,60,1,1,1,"2025-11-01 15:01:12"
1/11/2025,D25016392,P-1,BARO46,QNEOC03,"Neocron 80 OL 15 X 1 ltr*",225,Btl,066202,1/5/2030,186049999.99999,60,1,1,1,"2025-11-01 15:01:12"
1/11/2025,D25016392,P-1,BARO46,QMACE01,"Macerio 52 WP 20 X 500 gr",400,Pack,I300625,1/6/2030,186049999.99999,60,1,1,1,"2025-11-01 15:01:12"
1/11/2025,D25016393,P-2,BOLO04,QMACE01,"Macerio 52 WP 20 X 500 gr",400,Pack,I300625,1/6/2030,53999999.999951,0,1,1,1,"2025-11-01 15:01:12"
1/11/2025,D25016394,MLG,TANI259,QUPRI01,"Uprise 50 X 100 ml*",8,Btl,20250307,1/3/2028,17699999.999954,30,1,1,1,"2025-11-01 15:01:12"
1/11/2025,D25016394,MLG,TANI259,QUPRI01,"Uprise 50 X 100 ml*",142,Btl,20250307,1/3/2028,17699999.999954,30,1,1,1,"2025-11-01 15:01:12"
1/11/2025,D25016394,MLG,TANI259,QUPRI02,"Uprise 20 X 250 ml",20,Btl,20250520,1/5/2028,17699999.999954,30,1,1,1,"2025-11-01 15:01:12"
1/11/2025,D25016395,BWI-1,TANI28,QPADI22,"Padi Janger Inpari-32 4 X 5 kg*",20,Pack,2501057,10/4/2026,1900000,30,1,1,1,"2025-11-01 15:01:12"
1/11/2025,D25016396,BLI-1,SEKA01,QAGUS02,"Agus 500 SC 40 X 250 ml*",80,Btl,ADV202N061,1/7/2028,120082499.99997,30,1,1,1,"2025-11-01 15:01:12"
1/11/2025,D25016396,BLI-1,SEKA01,QBION02,"Bionik 400 EC 20 X 500 ml*",60,Btl,50502999,1/6/2030,120082499.99997,30,1,1,1,"2025-11-01 15:01:12"
1/11/2025,D25016396,BLI-1,SEKA01,QMULS84,"Mulsa Karisma Q989 50 cm X 17 kg (Roll)*",25,Roll,0,1/1/1000,120082499.99997,30,1,1,1,"2025-11-01 15:01:12"
1/11/2025,D25016396,BLI-1,SEKA01,QMULS85,"Mulsa Karisma Q989 60 cm X 17 kg (Roll)*",1,Roll,0,1/1/1000,120082499.99997,30,1,1,1,"2025-11-01 15:01:12"
1/11/2025,D25016396,BLI-1,SEKA01,QMULS85,"Mulsa Karisma Q989 60 cm X 17 kg (Roll)*",28,Roll,0,1/1/1000,120082499.99997,30,1,1,1,"2025-11-01 15:01:12"
1/11/2025,D25016396,BLI-1,SEKA01,QMULS85,"Mulsa Karisma Q989 60 cm X 17 kg (Roll)*",91,Roll,0,1/1/1000,120082499.99997,30,1,1,1,"2025-11-01 15:01:12"
1/11/2025,D25016396,BLI-1,SEKA01,QMULS86,"Mulsa Karisma Q989 60 cm X 8 kg (Roll)*",70,Roll,0,1/1/1000,120082499.99997,30,1,1,1,"2025-11-01 15:01:12"
1/11/2025,D25016397,BLI-1,SEKA01,QREVU02,"Revus Opti 440 SC 20 X 250 ml",100,Btl,JAK5IS1009,1/9/2027,10500000.000041,30,1,1,1,"2025-11-01 15:01:12"
1/11/2025,D25016398,JUBS,INSA01,QJAGU17,"Jagung Pertiwi 3 20 X 1 kg",40,Pack,240189A,1/8/2026,2600000,30,1,1,1,"2025-11-01 15:01:12"
1/11/2025,D25016399,PROB,DELI01,QAGIL02,"Agil 100 EC 40 X 250 ml",200,Btl,2406101,1/6/2027,23500000.000029,30,1,1,1,"2025-11-01 15:01:12"
1/11/2025,D25016400,KD-2,JOYO08,QUNIH01,"Unihit 100/20 SC 100 X 100 ml*",200,Btl,20241015011,1/10/2027,6999999.9999937,0,1,1,1,"2025-11-01 15:01:12"
1/11/2025,D25016401,KD-2,BERK64,QQIUV13,"Qiuvita Hijau 32.11.11 20 X 500 gr + Kaos*",40,Pack,51009202506,1/9/2028,8195000.0000171,30,1,1,1,"2025-11-01 15:01:12"
1/11/2025,D25016401,KD-2,BERK64,QGOAL03,"Goal 240 EC 50 X 100 ml + kaos",50,Btl,4.13E+11,1/11/2029,8195000.0000171,30,1,1,1,"2025-11-01 15:01:12"
1/11/2025,D25016401,KD-2,BERK64,QKRES05,"Kresnatop 500 SC 4 X 5 ltr",8,Gal,50811130,1/9/2030,8195000.0000171,30,1,1,1,"2025-11-01 15:01:12"
1/11/2025,D25016402,KD-2,CAHA05,QEM-401,"EM-4 Ternak (LC) 15 X 1 ltr",300,Btl,301025,1/10/2027,5474999.9999676,0,1,1,1,"2025-11-01 15:01:12"
1/11/2025,D25016403,KD-2,CAHA05,QBACT02,"Bactocyn 150 AL 100 X 100 ml*",82,Btl,03032023,1/12/2029,18999999.999983,30,1,1,1,"2025-11-01 15:01:12"
1/11/2025,D25016403,KD-2,CAHA05,QBACT02,"Bactocyn 150 AL 100 X 100 ml*",318,Btl,03032023,1/12/2029,18999999.999983,30,1,1,1,"2025-11-01 15:01:12"
1/11/2025,D25016403,KD-2,CAHA05,QBACT01,"Bactocyn 150 AL 50 X 200 ml*",50,Btl,03032023,1/12/2029,18999999.999983,30,1,1,1,"2025-11-01 15:01:12"
1/11/2025,D25016404,KD-2,SURY36,QPADI22,"Padi Janger Inpari-32 4 X 5 kg*",8,Pack,2501057,10/4/2026,2660000,0,1,1,1,"2025-11-01 15:01:12"
1/11/2025,D25016404,KD-2,SURY36,QPADI07,"Padi Janger Ciherang 4 X 5 kg*",8,Pack,2502061,10/4/2026,2660000,0,1,1,1,"2025-11-01 15:01:12"
1/11/2025,D25016404,KD-2,SURY36,QPADI09,"Padi Janger Logawa 4 X 5 kg*",12,Pack,2503063,14/4/2026,2660000,0,1,1,1,"2025-11-01 15:01:12"
1/11/2025,D25016405,KD-2,SETI14,QEFFI01,"Efficon 120 SL 48 X 100 ml",48,Btl,S25095601,1/6/2027,4080000.0000243,30,1,1,1,"2025-11-01 15:01:12"
1/11/2025,D25016406,BLI-1,SWEC01,QJAGU17,"Jagung Pertiwi 3 20 X 1 kg",400,Pack,240189A,1/8/2026,26000000,0,1,1,1,"2025-11-01 15:01:12"
1/11/2025,D25016407,KD-2,DANA02,QAGUS02,"Agus 500 SC 40 X 250 ml*",120,Btl,ADV202N061,1/7/2028,34859999.999995,0,1,1,1,"2025-11-01 15:01:12"
1/11/2025,D25016407,KD-2,DANA02,QAGUS01,"Agus 500 SC 100 X 100 ml*",300,Btl,ADV208N057,1/7/2028,34859999.999995,0,1,1,1,"2025-11-01 15:01:12"
1/11/2025,D25016408,BLI-2,SAHA18,QWOKO02,"Wokozim 20 X 500 ml",860,Btl,49011414,1/1/2030,197880000.00003,30,1,1,1,"2025-11-01 15:01:12"
1/11/2025,D25016408,BLI-2,SAHA18,QWOKO02,"Wokozim 20 X 500 ml",160,Btl,49040914,1/4/2030,197880000.00003,30,1,1,1,"2025-11-01 15:01:12"
1/11/2025,D25016408,BLI-2,SAHA18,QWOKO01,"Wokozim 20 X 250 ml",360,Btl,490401914,1/4/2030,197880000.00003,30,1,1,1,"2025-11-01 15:01:12"
1/11/2025,D25016408,BLI-2,SAHA18,QWOKO01,"Wokozim 20 X 250 ml",660,Btl,49060314,1/6/2030,197880000.00003,30,1,1,1,"2025-11-01 15:01:12"
1/11/2025,D25016409,BLI-2,SAHA18,QKAMI01,"Kamikaze 20 X 250 ml",60,Btl,49072211,1/7/2030,29119999.999966,30,1,1,1,"2025-11-01 15:01:12"
1/11/2025,D25016409,BLI-2,SAHA18,QKAMI01,"Kamikaze 20 X 250 ml",260,Btl,49062511,1/6/2030,29119999.999966,30,1,1,1,"2025-11-01 15:01:12"
1/11/2025,D25016410,BWI-2,SUYA01,QTANG08,"Tangki Yoto 6 X 5 ltr",6,Pcs,0,1/1/1000,674999.99999189,0,1,1,1,"2025-11-01 15:01:12"
1/11/2025,D25016411,BWI-2,SUMB61,QABAC07,"Abacel 18 EC 50 X 100 ml",20,Btl,15052025,1/5/2028,1809999.9999694,30,1,1,1,"2025-11-01 15:01:12"
1/11/2025,D25016411,BWI-2,SUMB61,QTANG08,"Tangki Yoto 6 X 5 ltr",12,Pcs,0,1/1/1000,1809999.9999694,30,1,1,1,"2025-11-01 15:01:12"
1/11/2025,D25016412,BWI-2,SUMB61,QJAGU72,"Jagung Bisi 321 20 X 1 kg (+Kaos)",40,Pack,250728BF05,17/7/2026,2460000,30,1,1,1,"2025-11-01 15:01:12"
1/11/2025,D25016413,BWI-1,KABU01,QJAGU70,"Jagung P27 Gajah 20 X 1 kg",20,Pack,022DKMAFINEI007,4/5/2026,1960000,0,1,1,1,"2025-11-01 15:01:12"
1/11/2025,D25016414,SBY,LAJU01,QJAGU29,"Jagung NK 7328 20 X 1 kg",3000,Pack,20834347,14/9/2026,327000000,0,1,1,1,"2025-11-01 15:01:12"
1/11/2025,D25016415,BLI-1,TANI171,QMULS85,"Mulsa Karisma Q989 60 cm X 17 kg (Roll)*",50,Roll,0,1/1/1000,29324999.999981,30,1,1,1,"2025-11-01 15:01:12"
1/11/2025,D25016416,MD-1,BERK56,QPADI46,"Padi Q-989 Logawa 4 X 5 kg + GG Akar & Brosur*",200,Pack,72,7/4/2026,16000000,60,1,1,1,"2025-11-01 15:01:12"
1/11/2025,D25016417,JLS,SAIL01,QPADI49,"Padi Q-989 Inpari 32 4 X 5 kg + GG Akar & Brosur",20,Pack,101,13/4/2026,1700000,30,1,1,1,"2025-11-01 15:01:12"
1/11/2025,D25016418,PROB,KARY02,QPADI50,"Padi Q-989 Inpari 49 4 X 5 kg + GG Akar & Brosur",40,Pack,65,29/3/2026,20400000,60,1,1,1,"2025-11-01 15:01:12"
1/11/2025,D25016418,PROB,KARY02,QPADI49,"Padi Q-989 Inpari 32 4 X 5 kg + GG Akar & Brosur",200,Pack,101,13/4/2026,20400000,60,1,1,1,"2025-11-01 15:01:12"
1/11/2025,D25016419,SBY,TANI112,QPADI09,"Padi Janger Logawa 4 X 5 kg*",100,Pack,2503063,14/4/2026,9500000,0,1,1,1,"2025-11-01 15:01:12"
1/11/2025,D25016420,JUBS,BINT31,QJAGU17,"Jagung Pertiwi 3 20 X 1 kg",200,Pack,240189A,1/8/2026,12600000,0,1,1,1,"2025-11-01 15:01:12"
1/11/2025,D25016421,PROB,BUMI01,QKACA19,"Kacang Panjang Pertiwi 40 X 500 gr",80,Pack,2251962,1/9/2026,7200000,0,1,1,1,"2025-11-01 15:01:12"
1/11/2025,D25016422,PROB,BUMI01,QPAPA01,"Papandayan 486 SL 20 X 1 ltr",560,Btl,PDNE2510041008,1/10/2030,27439999.999979,30,1,1,1,"2025-11-01 15:01:12"
1/11/2025,D25016422,PROB,BUMI01,QGRAN04,"Grandally 25 WP 5 gr",560,Pack,0,1/1/1000,27439999.999979,30,1,1,1,"2025-11-01 15:01:12"
1/11/2025,D25016423,SBY,SUBU13,QBLUE01,"Bluezeb 80 WP 20 X 1 kg*",100,Pack,BWYMNZ8083,1/4/2028,8599999.9999523,30,1,1,1,"2025-11-01 15:01:12"
1/11/2025,D25016424,JLS,BIMA04,QPADI50,"Padi Q-989 Inpari 49 4 X 5 kg + GG Akar & Brosur",40,Pack,65,29/3/2026,3400000,30,1,1,1,"2025-11-01 15:01:12"
1/11/2025,D25016425,SBY,KHAR01,CTOPJ05,"Topjos 300 SL 4 X 5 ltr (Coklat) + 5 pack Metsul 5 gr",100,Gal,51015024,1/10/2030,160135151,30,1,1,1,"2025-11-01 15:01:12"
1/11/2025,D25016425,SBY,KHAR01,CBABL03,"Bablass 490 SL 20 X 1 ltr + 1 pack Metsul 5 gr",1600,Btl,51017023,1/10/2030,160135151,30,1,1,1,"2025-11-01 15:01:12"
1/11/2025,D25016425,SBY,KHAR01,CBABL03,"Bablass 490 SL 20 X 1 ltr + 1 pack Metsul 5 gr",400,Btl,51017024,1/10/2030,160135151,30,1,1,1,"2025-11-01 15:01:12"
1/11/2025,D25016425,SBY,KHAR01,CBABL03,"Bablass 490 SL 20 X 1 ltr + 1 pack Metsul 5 gr",1200,Btl,51017025,1/10/2030,160135151,30,1,1,1,"2025-11-01 15:01:12"
1/11/2025,D25016425,SBY,KHAR01,CBABL03,"Bablass 490 SL 20 X 1 ltr + 1 pack Metsul 5 gr",800,Btl,51017026,1/10/2030,160135151,30,1,1,1,"2025-11-01 15:01:12"
1/11/2025,D25016426,KD-1,TIRT02,QASIA01,"Asia Top 288 SL 20 X 1 ltr*",60,Btl,201251037212,1/10/2030,2939999.9999514,0,1,1,1,"2025-11-01 15:01:12"
1/11/2025,D25016427,JUBS,TANI59,QAGUS02,"Agus 500 SC 40 X 250 ml*",392,Btl,ADV202N061,1/7/2028,165600000.00001,30,1,1,1,"2025-11-01 15:01:12"
1/11/2025,D25016427,JUBS,TANI59,QAGUS02,"Agus 500 SC 40 X 250 ml*",808,Btl,ADV202N061,1/7/2028,165600000.00001,30,1,1,1,"2025-11-01 15:01:12"
1/11/2025,D25016428,JUBS,SETI02,QJAGU109,"Jagung Manis Sweet Lady 27 F1 40 X 1800 biji",200,Pack,251001AF01,1/7/2026,13200000,30,1,1,1,"2025-11-01 15:01:12"
1/11/2025,D25016429,"B Agronomis",ARIF09,QTANG47,"Tangki TOP AGRI Single Fungsi 16 ltr baterai*",11,Pcs,0,1/1/1000,12650000.000004,0,1,1,1,"2025-11-01 15:01:12"
1/11/2025,D25016429,"B Agronomis",ARIF09,QTANG49,"Tangki Dragon Star 16 ltr baterai (Biru)*",22,Pcs,0,1/1/1000,12650000.000004,0,1,1,1,"2025-11-01 15:01:12"
1/11/2025,D25016430,JLS,SEDU03,QKING03,"Kingdom 550 SC 20 X 1 ltr*",5,Btl,24123101,1/11/2029,469999.99997658,30,1,1,1,"2025-11-01 15:01:12"
1/11/2025,D25016431,KD-1,MULU01,QFOLI05,"Folirfos 400 SL 20 X 500 ml",40,Btl,022231,1/2/2030,2100000.0000081,30,1,1,1,"2025-11-01 15:01:12"
1/11/2025,D25016432,BLI-1,BAGU07,QBAYC01,"Baycarb 500 EC 20 X 500 ml",100,Btl,"PI43004612	",1/3/2027,11825000.000047,0,1,1,1,"2025-11-01 15:01:12"
1/11/2025,D25016432,BLI-1,BAGU07,QQIUV12,"Qiuvita Biru 16.32.16 20 X 500 gr + Kaos*",100,Pack,511072,1/7/2028,11825000.000047,0,1,1,1,"2025-11-01 15:01:12"
1/11/2025,D25016433,BLI-1,SRIS01,QANVI01,"Anvil 50 SC 10 X 1 ltr",10,Btl,JAK5H1381X,1/8/2027,17290000.000023,30,1,1,1,"2025-11-01 15:01:12"
1/11/2025,D25016433,BLI-1,SRIS01,QUPRI01,"Uprise 50 X 100 ml*",50,Btl,20250307,1/3/2028,17290000.000023,30,1,1,1,"2025-11-01 15:01:12"
1/11/2025,D25016433,BLI-1,SRIS01,QQIUV12,"Qiuvita Biru 16.32.16 20 X 500 gr + Kaos*",100,Pack,511072,1/7/2028,17290000.000023,30,1,1,1,"2025-11-01 15:01:12"
1/11/2025,D25016433,BLI-1,SRIS01,QAGXA02,"Agxanazol 200/150 SC 20 X 250 ml*",40,Btl,20240910,1/11/2028,17290000.000023,30,1,1,1,"2025-11-01 15:01:12"
1/11/2025,D25016433,BLI-1,SRIS01,QCALC03,"Calcium D-Diana 20 X 1 kg*",100,Pack,0,1/7/2030,17290000.000023,30,1,1,1,"2025-11-01 15:01:12"
1/11/2025,D25016434,JUBS,PRIM03,QROUN03,"Round Up 486 SL 4 X 4 ltr",200,Btl,510013,1/10/2030,61000000.000045,30,1,1,1,"2025-11-01 15:01:12"
1/11/2025,D25016435,P-2,ROKI01,QJAGU106,"Jagung DK 79C 20 X 1 kg",11,Pack,5CFE01F043,30/9/2026,0,0,1,1,1,"2025-11-01 15:01:12"
1/11/2025,D25016436,JUBS,SUBU04,QBUNC02,"Buncis Lebat-3 40 X 500 gr",30,Pack,251020AF01,18/4/2027,1470000,30,1,1,1,"2025-11-01 15:01:12"
1/11/2025,D25016437,JUBS,KUMP01,QBUNC02,"Buncis Lebat-3 40 X 500 gr",40,Pack,251020AF01,18/4/2027,1960000,30,1,1,1,"2025-11-01 15:01:12"
1/11/2025,D25016438,BWI-2,CAHA01,QBUNC02,"Buncis Lebat-3 40 X 500 gr",40,Pack,251020AF01,18/4/2027,1960000,30,1,1,1,"2025-11-01 15:01:12"
1/11/2025,D25016439,JUBS,JAYA44,QCELQ01,"Celquat 276 SL 10 X 1 ltr",110,Btl,20072023,1/7/2026,7300000.0000234,60,1,1,1,"2025-11-01 15:01:12"
1/11/2025,D25016439,JUBS,JAYA44,QLANC01,"Lancer Gold 55 WG 100 X 100 gr*",100,Pack,GUJLG55008,1/3/2027,7300000.0000234,60,1,1,1,"2025-11-01 15:01:12"
1/11/2025,D25016440,SBY,SARA06,QTUNT03,"Tuntas 300/100 SL 20 X 1 ltr*",940,Btl,51027156,1/10/2030,90000000.000019,30,1,1,1,"2025-11-01 15:01:12"
1/11/2025,D25016440,SBY,SARA06,QTUNT03,"Tuntas 300/100 SL 20 X 1 ltr*",1340,Btl,51027156,1/10/2030,90000000.000019,30,1,1,1,"2025-11-01 15:01:12"
1/11/2025,D25016441,SBY,SINA27,QJAGU29,"Jagung NK 7328 20 X 1 kg",300,Pack,20834347,14/9/2026,46600000,0,1,1,1,"2025-11-01 15:01:12"
1/11/2025,D25016441,SBY,SINA27,QJAGU94,"Jagung NK 7328 BTGT 20 X 1 kg",100,Pack,20891744,5/10/2026,46600000,0,1,1,1,"2025-11-01 15:01:12"
1/11/2025,D25016442,SBY,SINA27,QTOPJ03,"Topjos 300 SL 20 ltr*",17,Pail,40802041,1/8/2029,44999999.999959,60,1,1,1,"2025-11-01 15:01:12"
1/11/2025,D25016442,SBY,SINA27,QTOPJ03,"Topjos 300 SL 20 ltr*",40,Pail,40802041,1/8/2029,44999999.999959,60,1,1,1,"2025-11-01 15:01:12"
1/11/2025,D25016443,MD-1,ALAM01,QEM-401,"EM-4 Ternak (LC) 15 X 1 ltr",1500,Btl,301025,1/10/2027,142124999.99996,30,1,1,1,"2025-11-01 15:01:12"
1/11/2025,D25016443,MD-1,ALAM01,QATON08,"Atonik 6.0 L 50 X 100 ml",1250,Btl,0911022225,1/9/2030,142124999.99996,30,1,1,1,"2025-11-01 15:01:12"
1/11/2025,D25016443,MD-1,ALAM01,QROUN04,"Round Up 486 SL 50 X 200 ml",5000,Btl,510012,1/10/2030,142124999.99996,30,1,1,1,"2025-11-01 15:01:12"
1/11/2025,D25016444,JUBS,SETI02,QVICT03,"Victory 75 WP (Blue) 20 X 1 kg",100,Pack,F0725G3001,1/7/2027,7400000.0000333,30,1,1,1,"2025-11-01 15:01:12"
1/11/2025,D25016445,KD-1,PESO03,QROTR01,"Rotraz 200 EC 20 X 500 ml*",40,Btl,081093,1/6/2027,3799999.9999766,0,1,1,1,"2025-11-01 15:01:12"
1/11/2025,D25016446,JLS,RIZK02,QSTAR02,"Starkuat 135 SL 20 X 1 ltr",40,Btl,0102090550,1/2/2028,1120000.080991,30,1,1,1,"2025-11-01 15:01:12"
1/11/2025,D25016447,PROB,RAME01,QMANO01,"Manohara 20 X 1 kg*",40,Pack,0,1/9/2030,719999.99995135,0,1,1,1,"2025-11-01 15:01:12"
1/11/2025,D25016448,KD-2,EKOT01,QTOPJ01,"Topjos 300 SL 20 X 1 ltr*",220,Btl,50812046,1/8/2030,9400000.0000315,60,1,1,1,"2025-11-01 15:01:12"
1/11/2025,D25016449,BLI-1,BENT01,QJAGU95,"Jagung Bisi 235 20 X 1 kg",60,Pack,250911CF01,29/8/2026,5160000,30,1,1,1,"2025-11-01 15:01:12"
1/11/2025,D25016450,BLI-1,BENT01,QEM-401,"EM-4 Ternak (LC) 15 X 1 ltr",30,Btl,301025,1/10/2027,555000,30,1,1,1,"2025-11-01 15:01:12"
1/11/2025,D25016451,BWI-1,RIZK07,QBRAU01,"Braunxone Gold 276 SL 20 X 1 ltr",1340,Btl,L190525,1/5/2030,46900000.000048,60,1,1,1,"2025-11-01 15:01:12"
1/11/2025,D25016452,BWI-1,RIZK07,QBRAU01,"Braunxone Gold 276 SL 20 X 1 ltr",174,Btl,L261224,1/12/2029,46690000.000037,60,1,1,1,"2025-11-01 15:01:12"
1/11/2025,D25016452,BWI-1,RIZK07,QBRAU01,"Braunxone Gold 276 SL 20 X 1 ltr",1160,Btl,L190525,1/5/2030,46690000.000037,60,1,1,1,"2025-11-01 15:01:12"
1/11/2025,D25016453,KD-1,WIDJ02,QABAC04,"Abacel 18 EC 40 X 250 ml",40,Btl,15062025,1/6/2028,3559999.9999928,30,1,1,1,"2025-11-01 15:01:12"
1/11/2025,D25016453,KD-1,WIDJ02,QMETI07,"Metindo 40 SP 40 X 400 gr",20,Pack,056957,1/5/2030,3559999.9999928,30,1,1,1,"2025-11-01 15:01:12"
1/11/2025,D25016454,KD-1,WIDJ02,QCAUL06,"Cauli Flower Kiran F1 50 X 10 X 10 gr",20,Pack,784420,1/4/2027,2700000,30,1,1,1,"2025-11-01 15:01:12"
1/11/2025,D25016455,JUBS,TANI56,QJAGU101,"Jagung Manis Golden Boy F1 40 X +/-1800 biji",10,Pack,250918AF01,1/6/2026,3700000,30,1,1,1,"2025-11-01 15:01:12"
1/11/2025,D25016455,JUBS,TANI56,QBUNC02,"Buncis Lebat-3 40 X 500 gr",60,Pack,251020AF01,18/4/2027,3700000,30,1,1,1,"2025-11-01 15:01:12"
1/11/2025,D25016456,JUBS,TANI56,QBAYC01,"Baycarb 500 EC 20 X 500 ml",4,Btl,"PI43004612	",1/3/2027,898999.99999009,30,1,1,1,"2025-11-01 15:01:12"
1/11/2025,D25016456,JUBS,TANI56,QLANN03,"Lannate 40 SP 40 X 250 gr",4,Pack,NOV24SDS15,1/11/2027,898999.99999009,30,1,1,1,"2025-11-01 15:01:12"
1/11/2025,D25016456,JUBS,TANI56,QLANN01,"Lannate 40 SP 10 X 10 X 100 gr",4,Pack,APR251ER02,1/4/2030,898999.99999009,30,1,1,1,"2025-11-01 15:01:12"
1/11/2025,D25016456,JUBS,TANI56,QCALC02,"Calcium 99 20 X 1 kg*",8,Pack,0,1/7/2030,898999.99999009,30,1,1,1,"2025-11-01 15:01:12"
1/11/2025,D25016456,JUBS,TANI56,QCALC02,"Calcium 99 20 X 1 kg*",2,Pack,082025,1/8/2030,898999.99999009,30,1,1,1,"2025-11-01 15:01:12"
1/11/2025,D25016457,JUBS,TANI56,QAMIS01,"Amistartop 325 SC 100 X 50 ml",6,Btl,JAK4G156AT,1/7/2027,1958000.000036,30,1,1,1,"2025-11-01 15:01:12"
1/11/2025,D25016457,JUBS,TANI56,QKNO303,"KNO3 Putih P Tani 15 X 2 kg",6,Pack,0,1/6/2028,1958000.000036,30,1,1,1,"2025-11-01 15:01:12"
1/11/2025,D25016457,JUBS,TANI56,QNATI02,"Nativo 75 WG 100 X 50 gr",4,Pack,PI23000922,1/8/2028,1958000.000036,30,1,1,1,"2025-11-01 15:01:12"
1/11/2025,D25016457,JUBS,TANI56,QAMCO19,"Amco Up 486 SL 20 ltr*",1,Pail,222200008,1/11/2028,1958000.000036,30,1,1,1,"2025-11-01 15:01:12"
1/11/2025,D25016458,MD-1,BERK56,QPADI09,"Padi Janger Logawa 4 X 5 kg*",400,Pack,2503064,14/4/2026,38000000,30,1,1,1,"2025-11-01 15:01:12"
3/11/2025,D25016459,MLG,SUMB41,QSG0501,"SG.05 30 X 500 gr (M2U)*",13,Pack,34163101,1/1/2027,688999.99997928,30,1,1,1,"2025-11-01 15:01:12"
3/11/2025,D25016460,PROB,DELI01,QCABE76,"Cabe Warrior F1 20 X 12 X 2250 biji",15,Pack,251002AF01,2/4/2027,4050000,30,1,1,1,"2025-11-01 15:01:12"
3/11/2025,D25016461,PROB,SUMB208,QMUL128,"Mulsa Hanoman 50 cm X 17 kg (Roll)*",10,Roll,0,1/1/1000,7055000.0000441,60,1,1,1,"2025-11-01 15:01:12"
3/11/2025,D25016461,PROB,SUMB208,QMUL129,"Mulsa Hanoman 50 cm X 8 kg (Roll)*",5,Roll,0,1/1/1000,7055000.0000441,60,1,1,1,"2025-11-01 15:01:12"
3/11/2025,D25016462,JLS,TANI30,QATON07,"Atonik 6.0 L 15 X 500 ml",15,Btl,0411022825,1/4/2030,11175000.000032,30,1,1,1,"2025-11-01 15:01:12"
3/11/2025,D25016462,JLS,TANI30,QAGRO02,"Agrogibb 40 SL 30 X 15 X 35 ml",450,Btl,25GAT0811,1/8/2030,11175000.000032,30,1,1,1,"2025-11-01 15:01:12"
3/11/2025,D25016463,JUBS,KUMP01,QAGRO02,"Agrogibb 40 SL 30 X 15 X 35 ml",150,Btl,25GAT0811,1/8/2030,3374999.9999595,30,1,1,1,"2025-11-01 15:01:12"
3/11/2025,D25016464,JUBS,TANI59,QGLUF03,"Glufa 200 SL 20 X 1 ltr",200,Btl,0222020055,1/9/2029,466799999.99996,30,1,1,1,"2025-11-01 15:01:12"
3/11/2025,D25016464,JUBS,TANI59,QGLUF03,"Glufa 200 SL 20 X 1 ltr",7580,Btl,0222020056,1/9/2029,466799999.99996,30,1,1,1,"2025-11-01 15:01:12"
1/11/2025,M25000128,JUBS,KARI07,APIRA03,"Piraklo 250 EC 100 X 100 ml ( Sampel )",20,Btl,"PYR2500320 ",1/6/2030,0,0,1,1,1,"2025-11-01 15:01:12"
1/11/2025,M25000129,JUBS,KARI07,ADESA04,"Desanto 200 SL 100 X 100 ml ( Sampel )",30,Btl,NISL250320,1/6/2030,0,0,1,1,1,"2025-11-01 15:01:12"
1/11/2025,M25000129,JUBS,KARI07,APIRA03,"Piraklo 250 EC 100 X 100 ml ( Sampel )",30,Btl,"PYR2500320 ",1/6/2030,0,0,1,1,1,"2025-11-01 15:01:12"
1/11/2025,M25000130,JUBS,KARI07,ADESA04,"Desanto 200 SL 100 X 100 ml ( Sampel )",30,Btl,NISL250320,1/6/2030,0,0,1,1,1,"2025-11-01 15:01:12"
1/11/2025,M25000130,JUBS,KARI07,APIRA03,"Piraklo 250 EC 100 X 100 ml ( Sampel )",30,Btl,"PYR2500320 ",1/6/2030,0,0,1,1,1,"2025-11-01 15:01:12"
1/11/2025,M25000131,JUBS,KARI07,ADESA04,"Desanto 200 SL 100 X 100 ml ( Sampel )",25,Btl,NISL250320,1/6/2030,0,0,1,1,1,"2025-11-01 15:01:12"
1/11/2025,M25000131,JUBS,KARI07,APIRA03,"Piraklo 250 EC 100 X 100 ml ( Sampel )",25,Btl,"PYR2500320 ",1/6/2030,0,0,1,1,1,"2025-11-01 15:01:12"
3/11/2025,M25000132,JUBS,NNWI01,AROUN07,"Round Up 486 SL 12 X 1 ltr",1,Btl,405007,1/5/2029,78000,0,1,1,1,"2025-11-01 15:01:12"
1/11/2025,T25001620,JUBS,ALBA03,QUPRI01,"Uprise 50 X 100 ml*",10,Btl,20250307,1/3/2028,899999.99998919,60,1,1,1,"2025-11-01 15:01:12"
1/11/2025,T25001621,KD-1,SRIR19,QTINK01,"Tinker 400 SC 40 X 200 ml*",40,Btl,0,1/3/2027,5400000.0000351,60,1,1,1,"2025-11-01 15:01:12"
1/11/2025,T25001622,KD-2,ANNU02,QKOBO02,"Kobong 138 SL 4 X 5 ltr",44,Gal,50709001,1/7/2030,13999999.999987,0,1,1,1,"2025-11-01 15:01:12"
1/11/2025,T25001622,KD-2,ANNU02,QCHIE02,"Chief 480 SL 4 X 5 ltr*",44,Gal,L060925,1/9/2030,13999999.999987,0,1,1,1,"2025-11-01 15:01:12"
1/11/2025,T25001623,KD-2,JAYA08,QFORC01,"Force 20/100 SC 100 X 100 ml*",25,Btl,20250330,1/5/2030,3562500.0000405,60,1,1,1,"2025-11-01 15:01:12"
1/11/2025,T25001623,KD-2,JAYA08,QFORC02,"Force 20/100 SC 48 X 250 ml*",25,Btl,20250330,1/5/2030,3562500.0000405,60,1,1,1,"2025-11-01 15:01:12"
1/11/2025,T25001624,KD-2,DANA02,QAMIR01,"Amira 10 X 500 ml*",20,Btl,ADV2490100225ST,1/2/2028,2400000.0000378,60,1,1,1,"2025-11-01 15:01:12"
1/11/2025,T25001625,BLI-1,SWEC01,QTOPJ01,"Topjos 300 SL 20 X 1 ltr*",40,Btl,50812046,1/8/2030,1880000.0000063,0,1,1,1,"2025-11-01 15:01:12"
1/11/2025,T25001626K,KD-1,SINA31,QFOND01,"Fondua 375 SC 20 X 250 ml",20,Btl,2023LY11153006,1/1/2029,10799999.99997,60,1,1,1,"2025-11-01 15:01:12"
1/11/2025,T25001626K,KD-1,SINA31,QROBU02,"Robust 40 X 200 ml*",40,Btl,03ANT20230628,1/12/2029,10799999.99997,60,1,1,1,"2025-11-01 15:01:12"
1/11/2025,T25001627,"B Agronomis",KARI09,QVISH01,"Vishaka 200 EC 20 X 500 ml*",5,Btl,191224,1/5/2025,1587099.9999802,60,1,1,1,"2025-11-01 15:01:12"
1/11/2025,T25001627,"B Agronomis",KARI09,QVISH01,"Vishaka 200 EC 20 X 500 ml*",4,Btl,191224,1/12/2028,1587099.9999802,60,1,1,1,"2025-11-01 15:01:12"
1/11/2025,T25001627,"B Agronomis",KARI09,QVISH01,"Vishaka 200 EC 20 X 500 ml*",3,Btl,191224,1/5/2025,1587099.9999802,60,1,1,1,"2025-11-01 15:01:12"
1/11/2025,T25001627,"B Agronomis",KARI09,QCAST04,"Castora 40 SP 8 X 50 X 15 gr*",10,Pack,220328,1/8/2027,1587099.9999802,60,1,1,1,"2025-11-01 15:01:12"
1/11/2025,T25001628,"B Agronomis",KARI09,QARME01,"Armeira 30 WG 10 X 20 X 50 gr*",1,Pack,1900131,1/6/2025,2691750,60,1,1,1,"2025-11-01 15:01:12"
1/11/2025,T25001628,"B Agronomis",KARI09,QARME01,"Armeira 30 WG 10 X 20 X 50 gr*",4,Pack,1900131,1/10/2025,2691750,60,1,1,1,"2025-11-01 15:01:12"
1/11/2025,T25001628,"B Agronomis",KARI09,QELAZ02,"Elazaro 17/8 WG 10 X 20 X 10 gr*",100,Pack,220805,1/10/2027,2691750,60,1,1,1,"2025-11-01 15:01:12"
1/11/2025,T25001629,"B Agronomis",KARI09,QCAST04,"Castora 40 SP 8 X 50 X 15 gr*",100,Pack,220328,1/8/2027,1525000.0000261,60,1,1,1,"2025-11-01 15:01:12"
1/11/2025,T25001629,"B Agronomis",KARI09,QELAZ02,"Elazaro 17/8 WG 10 X 20 X 10 gr*",50,Pack,220805,1/10/2027,1525000.0000261,60,1,1,1,"2025-11-01 15:01:12"
1/11/2025,T25001630,"B Agronomis",KARI09,QARME01,"Armeira 30 WG 10 X 20 X 50 gr*",5,Pack,1900131,1/10/2025,2485749.9999856,60,1,1,1,"2025-11-01 15:01:12"
1/11/2025,T25001630,"B Agronomis",KARI09,QCAST04,"Castora 40 SP 8 X 50 X 15 gr*",60,Pack,220328,1/8/2027,2485749.9999856,60,1,1,1,"2025-11-01 15:01:12"
1/11/2025,T25001630,"B Agronomis",KARI09,QELAZ02,"Elazaro 17/8 WG 10 X 20 X 10 gr*",60,Pack,220805,1/10/2027,2485749.9999856,60,1,1,1,"2025-11-01 15:01:12"
1/11/2025,T25001630,"B Agronomis",KARI09,QGARD01,"Gardara 10 SP 100 X 100 gr*",20,Pack,NISP241010,1/11/2029,2485749.9999856,60,1,1,1,"2025-11-01 15:01:12"
3/11/2025,TUNGGU1,BWI-1,MULY07,QPADI49,"Padi Q-989 Inpari 32 4 X 5 kg + GG Akar & Brosur",120,Pack,101,13/4/2026,10200000,30,1,1,1,"2025-11-01 15:01:12"
1/11/2025,Z25002842,PROB,DELI01,QKUBI03,"Kubis Green Nova 100 X 10 X 20 ml",2000,Pack,3230007640-28HT,1/8/2027,228000000,30,1,1,1,"2025-11-01 15:01:12"
1/11/2025,Z25002843,P-2,SAHA12,QNEOC01,"Neocron 80 OL 20 X 500 ml*",600,Btl,066194,1/2/2030,298650000.00005,30,1,1,1,"2025-11-01 15:01:12"
1/11/2025,Z25002843,P-2,SAHA12,QNEOC03,"Neocron 80 OL 15 X 1 ltr*",180,Btl,066202,1/5/2030,298650000.00005,30,1,1,1,"2025-11-01 15:01:12"
1/11/2025,Z25002843,P-2,SAHA12,QNEOC03,"Neocron 80 OL 15 X 1 ltr*",570,Btl,066202,1/5/2030,298650000.00005,30,1,1,1,"2025-11-01 15:01:12"
1/11/2025,Z25002844,JUBS,ALAM12,QAMOL02,"Amolin 300 EC 40 X 250 ml*",40,Btl,ADV336V037,1/12/2028,24400000.000018,0,1,1,1,"2025-11-01 15:01:12"
1/11/2025,Z25002844,JUBS,ALAM12,QAMOL02,"Amolin 300 EC 40 X 250 ml*",80,Btl,ADV336V037,1/12/2028,24400000.000018,0,1,1,1,"2025-11-01 15:01:12"
1/11/2025,Z25002844,JUBS,ALAM12,QAMOL02,"Amolin 300 EC 40 X 250 ml*",80,Btl,ADV336V037,1/12/2028,24400000.000018,0,1,1,1,"2025-11-01 15:01:12"
1/11/2025,Z25002845,JUBS,TANI89,QPADI49,"Padi Q-989 Inpari 32 4 X 5 kg + GG Akar & Brosur",80,Pack,101,13/4/2026,6400000,30,1,1,1,"2025-11-01 15:01:12"
1/11/2025,Z25002846,JUBS,TANI89,QBUNC02,"Buncis Lebat-3 40 X 500 gr",1,Pack,250930AF01,30/3/2027,1470000,30,1,1,1,"2025-11-01 15:01:12"
1/11/2025,Z25002846,JUBS,TANI89,QBUNC02,"Buncis Lebat-3 40 X 500 gr",29,Pack,251020AF01,18/4/2027,1470000,30,1,1,1,"2025-11-01 15:01:12"
1/11/2025,Z25002847,JLS,MERD01,QJAGU100,"Jagung Manis Golden Boy F1 20 X +/-3600 biji",20,Pack,250918AF01,1/6/2026,61060000,30,1,1,1,"2025-11-01 15:01:12"
1/11/2025,Z25002847,JLS,MERD01,QJAGU101,"Jagung Manis Golden Boy F1 40 X +/-1800 biji",80,Pack,250918AF01,1/6/2026,61060000,30,1,1,1,"2025-11-01 15:01:12"
1/11/2025,Z25002847,JLS,MERD01,QJAGU100,"Jagung Manis Golden Boy F1 20 X +/-3600 biji",80,Pack,251001AF01,1/7/2026,61060000,30,1,1,1,"2025-11-01 15:01:12"
1/11/2025,Z25002847,JLS,MERD01,QCABE60,"Cabe Imperial Ijo F1 20 X 12 X 2250 biji",230,Pack,251017AF01,1/4/2027,61060000,30,1,1,1,"2025-11-01 15:01:12"
1/11/2025,Z25002847,JLS,MERD01,QBUNC02,"Buncis Lebat-3 40 X 500 gr",80,Pack,251020AF01,18/4/2027,61060000,30,1,1,1,"2025-11-01 15:01:12"
1/11/2025,Z25002848,JLS,SUGE02,QPADI49,"Padi Q-989 Inpari 32 4 X 5 kg + GG Akar & Brosur",20,Pack,101,13/4/2026,1700000,30,1,1,1,"2025-11-01 15:01:12"
1/11/2025,Z25002849,SBY,IWAN04,QHEXA07,"Hexacar 100 SC 25 X 500 ml*",175,Btl,25060307,1/5/2030,34920000.000041,30,1,1,1,"2025-11-01 15:01:12"
1/11/2025,Z25002849,SBY,IWAN04,QHEXA07,"Hexacar 100 SC 25 X 500 ml*",25,Btl,25072404,1/6/2030,34920000.000041,30,1,1,1,"2025-11-01 15:01:12"
1/11/2025,Z25002849,SBY,IWAN04,QHEXA04,"Hexacar 100 SC 20 X 1 ltr*",160,Btl,25071502,1/6/2030,34920000.000041,30,1,1,1,"2025-11-01 15:01:12"
1/11/2025,Z25002850,JLS,ENGG02,QJAGU102,"Jagung Manis Sweet Lady 27 F1 20 X +/-3600 biji",40,Pack,251001AF01,1/7/2026,10160000,30,1,1,1,"2025-11-01 15:01:12"
1/11/2025,Z25002850,JLS,ENGG02,QJAGU109,"Jagung Manis Sweet Lady 27 F1 40 X 1800 biji",80,Pack,251001AF01,1/7/2026,10160000,30,1,1,1,"2025-11-01 15:01:12"
