id;kd_do;kode_barang;kd_faktur;tgl_transaksi;nama_barang;expired_date;qty;qty_pcs;qty_box;no_lot;exp_date
1;KD01;QTANG49;D26001454;2026-01-27;Tangki Dragon Star 16 ltr baterai (Biru);1000-01-01;18;17;0;1;1000-01-01
2;KD02;QPOLY43;B26003132;2026-03-03;Polybag Alpen 2.5/5 X 15 cm - 50 X 500 gr;1000-01-01;6;6;0;50;1000-01-01
3;KD03;QSPRA47;D26001445X;2026-01-27;Sprayer Ultra Elektrik New 16 ltr Type 4;1000-01-01;17;17;0;1;1000-01-01
4;KD04;QKNO303;B26008222X;2026-06-27;KNO3 Putih P Tani 15 X 2 kg;2029-02-01;750;0;50;15;2029-02-01
5;KD05;QKNO301;B26008222X;2026-06-27;KNO3 Merah P Tani 15 X 2 kg;2029-04-01;750;0;50;15;2029-04-01
6;KD06;QSPRA15;B26008433X;2026-07-01;Sprayer Elektrik Quda Karisma 16 ltr;1000-01-01;83;83;0;1;1000-01-01
7;KD07;QROUN01;B26007006;2026-06-03;Round Up 486 SL 12 X 1 ltr;2031-04-01;6000;0;500;12;2031-04-01
8;KD08;QROUN01;B26007007;2026-06-03;Round Up 486 SL 12 X 1 ltr;2031-04-01;6000;0;500;12;2031-04-01
9;KD09;QROUN01;B26007008;2026-06-03;Round Up 486 SL 12 X 1 ltr;2031-04-01;6000;0;500;12;2031-04-01
10;KD10;QRICE03;D26009281;2026-06-19;Ricestar Xtra 89 OD 100 X 100 ml;2027-01-01;1000;0;10;100;2027-01-01
11;KD11;QPOLY32;D26009492;2026-06-24;Polybag Alpen 10/20 X 20 cm - 25 X 1 kg;1000-01-01;25;0;1;25;1000-01-01
12;KD12;QRICE04;B26008132;2026-06-25;Ricestar Xtra 89 OD 40 X 250 ml;2027-05-01;520;0;13;40;2027-05-01
13;KD13;QJAGU112;B26008287;2026-06-29;Jagung P27 Lumigen 20 X 1 kg;2027-01-23;300;0;15;20;2027-01-23
14;KD14;QSPON02;B26008345;2026-06-30;Spontan 400 SL 20 X 500 ml;2029-08-01;1400;0;70;20;2029-08-01
15;KD15;QSPON03;B26008345;2026-06-30;Spontan 400 SL 12 X 1 ltr;2029-08-01;840;0;70;12;2029-08-01
16;KD16;QSPON01;B26008345;2026-06-30;Spontan 400 SL 20 X 200 ml;2030-05-01;680;0;34;20;2030-05-01
17;KD17;QALAT15;B26008398;2026-06-30;Alat Tanam Jagung 1 Output Satagro MTB-006 6 X 1 pcs;1000-01-01;300;0;50;6;1000-01-01
18;KD18;QALAT17;B26008398;2026-06-30;Alat Tanam Roll Satagro MTB-008 SS;1000-01-01;6;6;0;1;1000-01-01
19;KD19;QLANN04;B26008398;2026-06-30;Lannate 25 WP 10 X 10 X 100 gr;2030-03-01;300;0;3;100;2030-03-01
20;KD20;QCURA02;B26008398;2026-06-30;Curacron 500 EC 40 X 250 ml;2027-05-01;880;0;22;40;2027-05-01
21;KD21;QCURA02;B26008398;2026-06-30;Curacron 500 EC 40 X 250 ml;2027-06-01;560;0;14;40;2027-06-01
22;KD22;QCURA02;B26008398;2026-06-30;Curacron 500 EC 40 X 250 ml;2027-06-01;560;0;14;40;2027-06-01
23;KD23;QALIK03;B26008399;2026-06-30;Alika 247 ZC 50 X 100 ml;2027-11-01;1500;0;30;50;2027-11-01
24;KD24;QCURA01;B26008399;2026-06-30;Curacron 500 EC 20 X 500 ml;2027-03-01;32;12;1;20;2027-03-01
25;KD25;QCURA01;B26008399;2026-06-30;Curacron 500 EC 20 X 500 ml;2027-03-01;368;8;18;20;2027-03-01
26;KD26;QCURA03;B26008399;2026-06-30;Curacron 500 EC 50 X 100 ml;2027-04-01;1500;0;30;50;2027-04-01
27;KD27;QALIK02;B26008399;2026-06-30;Alika 247 ZC 40 X 250 ml;2028-01-01;1200;0;30;40;2028-01-01
28;KD28;QAMIS03;B26008399;2026-06-30;Amistartop 325 SC 20 X 250 ml;2028-12-01;400;0;20;20;2028-12-01
29;KD29;QAGUS02;D26009687;2026-06-30;Agus 500 SC 40 X 250 ml;2029-05-01;80;0;2;40;2029-05-01
30;KD30;QAMUR02;D26009687;2026-06-30;Amuron 70 EC 40 X 250 ml;2031-01-01;120;0;3;40;2031-01-01
31;KD31;QBIOS03;D26009704;2026-06-30;Biosoft 50 X 100 ml;2028-03-01;20;20;0;50;2028-03-01
32;KD32;QAMBE01;D26009704;2026-06-30;Ambest 100 ME 50 X 100 ml;2029-06-01;10;10;0;50;2029-06-01
33;KD33;QDESA02;D26009705;2026-06-30;Desanto 200 SL 40 X 250 ml;2030-06-01;80;0;2;40;2030-06-01
34;KD34;QRICE04;D26009708;2026-06-30;Ricestar Xtra 89 OD 40 X 250 ml;2027-05-01;360;0;9;40;2027-05-01
35;KD35;QJAGU62;D26009728;2026-06-30;Jagung Bisi 321 20 X 1 kg;2027-05-28;200;0;10;20;2027-05-28
36;KD36;QJAGU100;D26009729;2026-06-30;Jagung Manis Golden Boy F1 20 X +/-3600 biji;2027-03-01;200;0;10;20;2027-03-01
37;KD37;QKARI03;D26009730;2026-06-30;Karissnail 6 PL 50 X 200 gr (M2U);2029-04-01;100;0;2;50;2029-04-01
38;KD38;QJAGU112;D26009750;2026-06-30;Jagung P27 Lumigen 20 X 1 kg;2027-01-27;120;0;6;20;2027-01-27
39;KD39;QJAGU112;D26009750;2026-06-30;Jagung P27 Lumigen 20 X 1 kg;2027-01-23;20;0;1;20;2027-01-23
40;KD40;QJAGU112;D26009750;2026-06-30;Jagung P27 Lumigen 20 X 1 kg;2027-01-27;300;0;15;20;2027-01-27
41;KD41;QJAGU112;D26009750;2026-06-30;Jagung P27 Lumigen 20 X 1 kg;2027-01-27;560;0;28;20;2027-01-27
42;KD42;QJAGU63;B26008428;2026-07-01;Jagung ADV 132 20 X 1 kg;2026-09-29;100;0;5;20;2026-09-29
43;KD43;QEM-402;B26008431;2026-07-01;EM-4 Tambak (LM) 15 X 1 ltr;2028-02-01;15;0;1;15;2028-02-01
44;KD44;QCHLO02;B26008436;2026-07-01;Chlordin 100/200 SC 20 X 250 ml;2031-02-01;60;0;3;20;2031-02-01
45;KD45;QMULS89;B26008441;2026-07-01;Mulsa Karisma Q989 50 cm X 8 kg (Roll);1000-01-01;4;4;0;1;1000-01-01
46;KD46;QGWVI03;B26008441;2026-07-01;GW Vit B1+B6 100 X 100 ml;2031-07-01;10;10;0;100;2031-07-01
47;KD47;QAGRO02;B26008442;2026-07-01;Agrogibb 40 SL 30 X 15 X 35 ml;2031-04-01;15;15;0;450;2031-04-01
48;KD48;QPAPA01;B26008442;2026-07-01;Papandayan 486 SL 20 X 1 ltr;2030-11-01;20;0;1;20;2030-11-01
49;KD49;QROUN01;B26008454;2026-07-01;Round Up 486 SL 12 X 1 ltr;2031-05-01;360;0;30;12;2031-05-01
50;KD50;QABAC07;B26008458;2026-07-01;Abacel 18 EC 50 X 100 ml;2028-12-01;750;0;15;50;2028-12-01
51;KD51;QEMAC01;B26008458;2026-07-01;Emacel 30 EC 50 X 100 ml;2029-01-01;1000;0;20;50;2029-01-01
52;KD52;QEMAC05;B26008458;2026-07-01;Emacel 30 EC 40 X 250 ml;2028-06-01;360;0;9;40;2028-06-01
53;KD53;QEMAC05;B26008458;2026-07-01;Emacel 30 EC 40 X 250 ml;2028-12-01;40;0;1;40;2028-12-01
54;KD54;QABAC04;B26008458;2026-07-01;Abacel 18 EC 40 X 250 ml;2029-01-01;600;0;15;40;2029-01-01
55;KD55;QABAC03;B26008459;2026-07-01;Abacel 18 EC 20 X 500 ml;2029-03-01;300;0;15;20;2029-03-01
56;KD56;QRICE03;B26008462;2026-07-01;Ricestar Xtra 89 OD 100 X 100 ml;2027-01-01;100;0;1;100;2027-01-01
57;KD57;QJAGU29;B26008464;2026-07-01;Jagung NK 7328 20 X 1 kg;2027-04-13;60;0;3;20;2027-04-13
58;KD58;QGLUF03;D26009768;2026-07-01;Glufa 200 SL 20 X 1 ltr;2030-02-01;100;0;5;20;2030-02-01
59;KD59;QGLUF03;D26009768;2026-07-01;Glufa 200 SL 20 X 1 ltr;2030-02-01;1000;0;50;20;2030-02-01
60;KD60;QEFFI01;D26009771;2026-07-01;Efficon 120 SL 48 X 100 ml;2027-06-01;48;0;1;48;2027-06-01
61;KD61;QGREE05;D26009772;2026-07-01;Greenforce 20 X 500 ml;2031-05-01;40;0;2;20;2031-05-01
62;KD62;QGREE03;D26009772;2026-07-01;Greenforce 12 X 1 ltr;2031-05-01;132;0;11;12;2031-05-01
63;KD63;QKRES07;D26009781;2026-07-01;Kresnatop 500 SC 20 X 1 ltr;2031-04-01;200;0;10;20;2031-04-01
64;KD64;QDESA01;D26009795;2026-07-01;Desanto 200 SL 100 X 100 ml;2030-06-01;468;68;4;100;2030-06-01
65;KD65;QDESA01;D26009795;2026-07-01;Desanto 200 SL 100 X 100 ml;2030-06-01;532;32;5;100;2030-06-01
66;KD66;QDESA02;D26009795;2026-07-01;Desanto 200 SL 40 X 250 ml;2030-06-01;600;0;15;40;2030-06-01
67;KD67;QMANZ01;D26009798;2026-07-01;Manzate 82 WP 10 X 1 kg;2029-05-01;100;0;10;10;2029-05-01
68;KD68;ADESA04;M26000119;2026-07-01;Desanto 200 SL 100 X 100 ml ( Sampel );2030-06-01;60;60;0;100;2030-06-01
69;KD69;ADESA04;M26000120;2026-07-01;Desanto 200 SL 100 X 100 ml ( Sampel );2030-06-01;50;50;0;100;2030-06-01
70;KD70;QCHLO01;T26000710;2026-07-01;Chlordin 100/200 SC 50 X 100 ml;2031-02-01;50;0;1;50;2031-02-01
71;KD71;QCHLO02;T26000710;2026-07-01;Chlordin 100/200 SC 20 X 250 ml;2031-02-01;20;0;1;20;2031-02-01
72;KD72;QCHLO01;T26000711;2026-07-01;Chlordin 100/200 SC 50 X 100 ml;2031-02-01;50;0;1;50;2031-02-01
73;KD73;QCHLO02;T26000711;2026-07-01;Chlordin 100/200 SC 20 X 250 ml;2031-02-01;20;0;1;20;2031-02-01
74;KD74;QBENA03;T26000713;2026-07-01;Benabel Plus 120/35 SC 48 X 250 ml;2031-02-01;48;0;1;48;2031-02-01
75;KD75;QCAST04;T26000715;2026-07-01;Castora 40 SP 8 X 50 X 15 gr;2027-08-01;80;80;0;400;2027-08-01
76;KD76;QELAZ02;T26000715;2026-07-01;Elazaro 17/8 WG 10 X 20 X 10 gr;2027-10-01;80;80;0;200;2027-10-01
77;KD77;QPIRA01;T26000715;2026-07-01;Piraklo 250 EC 100 X 100 ml;2030-06-01;50;50;0;100;2030-06-01
78;KD78;QARME01;T26000715;2026-07-01;Armeira 30 WG 10 X 20 X 50 gr;2025-06-01;5;5;0;200;2025-06-01
79;KD79;QCAST04;T26000716;2026-07-01;Castora 40 SP 8 X 50 X 15 gr;2027-08-01;50;50;0;400;2027-08-01
80;KD80;QELAZ02;T26000716;2026-07-01;Elazaro 17/8 WG 10 X 20 X 10 gr;2027-10-01;50;50;0;200;2027-10-01
81;KD81;QPIRA01;T26000716;2026-07-01;Piraklo 250 EC 100 X 100 ml;2030-06-01;50;50;0;100;2030-06-01
82;KD82;QXYCO02;A26000859;2026-07-02;Xycort 550/60 EC 20 X 400 ml;2028-09-01;1;1;0;20;2028-09-01
83;KD83;QAGIL02;B26008474;2026-07-02;Agil 100 EC 40 X 250 ml;2027-06-01;40;0;1;40;2027-06-01
84;KD84;QAGAP01;B26008483;2026-07-02;Agapro 280 SL 50 X 80 ml;2031-02-01;100;0;2;50;2031-02-01
85;KD85;QAGRI07;B26008484;2026-07-02;Agrimec 18 EC 40 X 250 ml;2028-04-01;400;0;10;40;2028-04-01
86;KD86;QPAKE12;B26008502;2026-07-02;Paket Ampuh Ken-Mida 12/50 EC 250 ml + Kenmectin 39 EC 250 ml 24 X 1 paket;2028-03-01;72;0;3;24;2028-03-01
87;KD87;QNEOC01;B26008506;2026-07-02;Neocron 80 OL 20 X 500 ml;2030-11-01;20;0;1;20;2030-11-01
88;KD88;QROUN03;B26008507;2026-07-02;Round Up 486 SL 4 X 4 ltr;2031-03-01;8;0;2;4;2031-03-01
89;KD89;QABAC03;B26008507;2026-07-02;Abacel 18 EC 20 X 500 ml;2029-03-01;20;0;1;20;2029-03-01
90;KD90;QMAES02;B26008507;2026-07-02;Maestro 200 EC 20 X 500 ml;2031-02-01;40;0;2;20;2031-02-01
91;KD91;QABAC03;D26009806;2026-07-02;Abacel 18 EC 20 X 500 ml;2029-03-01;40;0;2;20;2029-03-01
92;KD92;QEMAC03;D26009806;2026-07-02;Emacel 30 EC 20 X 500 ml;2028-12-01;40;0;2;20;2028-12-01
93;KD93;QREGE03;D26009806;2026-07-02;Regent 50 SC Red 80 X 50 ml;2028-01-01;400;0;5;80;2028-01-01
94;KD94;QREGE02;D26009806;2026-07-02;Regent 50 SC Red 48 X 100 ml;2028-01-01;240;0;5;48;2028-01-01
95;KD95;QABAC04;D26009806;2026-07-02;Abacel 18 EC 40 X 250 ml;2029-01-01;80;0;2;40;2029-01-01
96;KD96;QEMAC05;D26009807;2026-07-02;Emacel 30 EC 40 X 250 ml;2028-12-01;40;0;1;40;2028-12-01
97;KD97;QDECI02;D26009807;2026-07-02;Decis 25 EC 100 X 50 ml;2030-04-01;500;0;5;100;2030-04-01
98;KD98;QSIDA15;D26009814;2026-07-02;Sidamec 20 EC Black 25 X 500 ml;2031-06-01;25;0;1;25;2031-06-01
99;KD99;QPAPA03;D26009823;2026-07-02;Papandayan 486 SL 20 ltr;2030-11-01;45;45;0;1;2030-11-01
100;KD100;QPAPA03;D26009823;2026-07-02;Papandayan 486 SL 20 ltr;2030-12-01;5;5;0;1;2030-12-01
101;KD101;QGALL12;D26009828;2026-07-02;Gallery 403 SL 10 X 1 ltr + SG.02 100 gr;2030-05-01;50;0;5;10;2030-05-01
102;KD102;QJAGU99;D26009829;2026-07-02;Jagung Manis Master Sweet 45 F1 20 X 3600 biji;2027-01-01;20;0;1;20;2027-01-01
103;KD103;QAMPA03;D26009837;2026-07-02;Ampang 240 SL 4 X 5 ltr;2030-11-01;2;2;0;4;2030-11-01
104;KD104;QAMPA03;D26009837;2026-07-02;Ampang 240 SL 4 X 5 ltr;2031-02-01;8;0;2;4;2031-02-01
105;KD105;QAMPA03;D26009837;2026-07-02;Ampang 240 SL 4 X 5 ltr;2031-02-01;104;0;26;4;2031-02-01
106;KD106;QSAGR05;D26009838;2026-07-02;Sagri-Meth 77 SP 100 X 100 gr;2028-11-01;100;0;1;100;2028-11-01
107;KD107;QROUN04;D26009842;2026-07-02;Round Up 486 SL 50 X 200 ml;2031-05-01;5000;0;100;50;2031-05-01
108;KD108;QALGO01;D26009842;2026-07-02;Algojo 200/10/15 OD 20 X 500 ml;2030-03-01;300;0;15;20;2030-03-01
109;KD109;QRUBO02;D26009843;2026-07-02;Rubost 40 X 200 ml;2031-05-01;120;0;3;40;2031-05-01
110;KD110;QASSO01;T26000724;2026-07-02;Associate 200 SC 20 X 250 ml;2027-08-01;140;0;7;20;2027-08-01
111;KD111;QMUL137;B26008552;2026-07-03;Mulsa Ori Gajah 0.3 60 cm X 18 kg (Roll) + Kaos;1000-01-01;5;5;0;1;1000-01-01
112;KD112;QJAGU81;B26008553;2026-07-03;Jagung Manis Panglima F1 40 X 1750 biji;2027-03-01;200;0;5;40;2027-03-01
113;KD113;QLOGA07;B26008558;2026-07-03;Logamate 440 EC 40 x 250 ml;2030-11-01;160;0;4;40;2030-11-01
114;KD114;QLOGA03;B26008558;2026-07-03;Logamate 440 EC 20 X 500 ml;2030-11-01;20;0;1;20;2030-11-01
115;KD115;QAGRO02;B26008558;2026-07-03;Agrogibb 40 SL 30 X 15 X 35 ml;2031-04-01;75;75;0;450;2031-04-01
116;KD116;QKUBI03;B26008563;2026-07-03;Kubis Green Nova 100 X 10 X 20 ml;2027-11-01;30;30;0;1000;2027-11-01
117;KD117;QGRAN04;B26008564;2026-07-03;Grandally 25 WP 5 gr;1000-01-01;60;60;0;1;1000-01-01
118;KD118;QPAPA01;B26008564;2026-07-03;Papandayan 486 SL 20 X 1 ltr;2030-11-01;60;0;3;20;2030-11-01
119;KD119;QBENA01;B26008567;2026-07-03;Benang Pe mlg;1000-01-01;50;50;0;1;1000-01-01
120;KD120;QKARI03;B26008567;2026-07-03;Karissnail 6 PL 50 X 200 gr (M2U);2029-04-01;50;0;1;50;2029-04-01
121;KD121;QSMK31;B26008568;2026-07-03;Smk. Big Maduri F1 12 X 10 X 20 gr;2027-06-23;50;50;0;120;2027-06-23
122;KD122;QJAGU81;B26008569;2026-07-03;Jagung Manis Panglima F1 40 X 1750 biji;2027-03-01;40;0;1;40;2027-03-01
123;KD123;QSMK31;B26008573;2026-07-03;Smk. Big Maduri F1 12 X 10 X 20 gr;2027-06-23;120;0;1;120;2027-06-23
124;KD124;QJAGU81;B26008574;2026-07-03;Jagung Manis Panglima F1 40 X 1750 biji;2027-03-01;200;0;5;40;2027-03-01
125;KD125;QJAGU81;B26008575;2026-07-03;Jagung Manis Panglima F1 40 X 1750 biji;2027-03-01;200;0;5;40;2027-03-01
126;KD126;QSMK24;B26008577;2026-07-03;Smk. Madrid F1 12 X 10 X 20 gr;2027-09-20;120;0;1;120;2027-09-20
127;KD127;QPOLY41;B26008578;2026-07-03;Polybag Alpen 10/20 X 40 cm - 25 X 1 kg;1000-01-01;12;12;0;25;1000-01-01
128;KD128;QQIUA04;B26008578;2026-07-03;Qiuasri Bawang 20 X 1 ltr;2027-04-01;20;0;1;20;2027-04-01
129;KD129;QQIUA02;B26008578;2026-07-03;Qiuasri Jeruk 20 X 1 ltr;2028-05-01;20;0;1;20;2028-05-01
130;KD130;QGOAL03;D26009858;2026-07-03;Goal 240 EC 50 X 100 ml + kaos;2031-02-01;50;0;1;50;2031-02-01
131;KD131;QNPKN02;D26009861;2026-07-03;NPK Novatec 12-12-17 25 kg;2030-02-01;5;5;0;1;2030-02-01
132;KD132;QKARI03;D26009861;2026-07-03;Karissnail 6 PL 50 X 200 gr (M2U);2029-04-01;50;0;1;50;2029-04-01
133;KD133;QAGUS02;D26009862;2026-07-03;Agus 500 SC 40 X 250 ml;2029-04-01;10;10;0;40;2029-04-01
134;KD134;QGIBG04;D26009867;2026-07-03;Gibgro 20 T 25 X 10 X 5 gr;2031-06-01;50;50;0;250;2031-06-01
135;KD135;QJAGU81;D26009870;2026-07-03;Jagung Manis Panglima F1 40 X 1750 biji;2027-03-01;120;0;3;40;2027-03-01
136;KD136;QMEGA09;Z26001841;2026-07-03;Megaxone 135 SL 20 X 1 ltr;2030-08-01;1000;0;50;20;2030-08-01
137;KD137;QGAND02;B26008581;2026-07-04;Gandasil B 24 X 500 gr;2029-04-01;360;0;15;24;2029-04-01
138;KD138;QBIOC11;B26008583;2026-07-04;Biochems Vit B1+B6 40 X 250 ml;2030-12-01;40;0;1;40;2030-12-01
139;KD139;QMAES02;B26008592;2026-07-04;Maestro 200 EC 20 X 500 ml;2031-02-01;200;0;10;20;2031-02-01
140;KD140;QAGIL02;B26008593;2026-07-04;Agil 100 EC 40 X 250 ml;2027-06-01;240;0;6;40;2027-06-01
141;KD141;QJAGU17;B26008594;2026-07-04;Jagung Pertiwi 3 20 X 1 kg;2027-04-01;20;0;1;20;2027-04-01
142;KD142;QJAGU17;B26008594;2026-07-04;Jagung Pertiwi 3 20 X 1 kg;2027-04-01;80;0;4;20;2027-04-01
143;KD143;QJAGU25;B26008595;2026-07-04;Jagung Pertiwi 6 20 X 1 kg;2027-04-01;100;0;5;20;2027-04-01
144;KD144;QROUN03;B26008598;2026-07-04;Round Up 486 SL 4 X 4 ltr;2031-03-01;40;0;10;4;2031-03-01
145;KD145;QMULS101;B26008600;2026-07-04;Mulsa Hanoman 80 cm X 18 kg (Roll);1000-01-01;21;21;0;1;1000-01-01
146;KD146;QSPRA44;B26008603;2026-07-04;Sprayer Elektrik Joeragan Tipe 3 16 L Battery;1000-01-01;3;3;0;1;1000-01-01
147;KD147;QQIUV04;B26008603;2026-07-04;Qiuvita Hijau 32.11.11 20 X 500 gr;2029-05-01;20;0;1;20;2029-05-01
148;KD148;QFLAS02;B26008603;2026-07-04;Flashoot 300 EC 80 X 100 ml;2031-06-01;160;0;2;80;2031-06-01
149;KD149;QVAYE03;B26008605;2026-07-04;Vayego 200 SC 50 X 100 ml;2030-04-01;100;0;2;50;2030-04-01
150;KD150;QSPYK03;B26008606;2026-07-04;Spyker 135 SL 20 ltr;2031-04-01;3;3;0;1;2031-04-01
151;KD151;QLUDE01;B26008607;2026-07-04;Ludes 50 EC 50 X 100 ml;2029-06-01;50;0;1;50;2029-06-01
152;KD152;QLIDI04;B26008607;2026-07-04;Liding 240 EC 64 X 90 ml;2031-04-01;64;0;1;64;2031-04-01
153;KD153;QNPKN07;B26008609;2026-07-04;NPK Novatec 12-12-17 5 X 5 kg;2031-02-01;5;0;1;5;2031-02-01
154;KD154;QBUNI01;B26008609;2026-07-04;Buniken 60/10 WP 20 X 100 gr;2028-01-01;40;0;2;20;2028-01-01
155;KD155;QPOLY24;B26008610;2026-07-04;Polybag Alpen 20/40 X 40 cm - 25 X 1 kg;1000-01-01;25;0;1;25;1000-01-01
156;KD156;QATON07;B26008610;2026-07-04;Atonik 6.0 L 15 X 500 ml;2031-06-01;45;0;3;15;2031-06-01
157;KD157;QKALI01;B26008610;2026-07-04;Kaliandra 482 EC 20 X 400 ml;2031-06-01;300;0;15;20;2031-06-01
158;KD158;QMULS58;B26008611;2026-07-04;Mulsa Monesa 60 cm X 18 kg (Roll);1000-01-01;18;18;0;1;1000-01-01
159;KD159;QMULS58;B26008611;2026-07-04;Mulsa Monesa 60 cm X 18 kg (Roll);1000-01-01;52;52;0;1;1000-01-01
160;KD160;QBAME01;B26008611;2026-07-04;Bamex 18 EC 100 X 50 ml (M2U);2029-01-01;300;0;3;100;2029-01-01
161;KD161;QBAME04;B26008611;2026-07-04;Bamex 18 EC 50 X 100 ml (M2U);2029-01-01;150;0;3;50;2029-01-01
162;KD162;QBAME03;B26008611;2026-07-04;Bamex 18 EC 20 X 200 ml (M2U);2029-01-01;60;0;3;20;2029-01-01
163;KD163;QAGUS01;B26008611;2026-07-04;Agus 500 SC 100 X 100 ml;2029-04-01;300;0;3;100;2029-04-01
164;KD164;QFLON01;B26008612;2026-07-04;Flonipro 75/75 SE 50 X 100 ml;2031-03-01;100;0;2;50;2031-03-01
165;KD165;QFLON02;B26008612;2026-07-04;Flonipro 75/75 SE 40 X 250 ml;2031-02-01;40;0;1;40;2031-02-01
166;KD166;QSTAR13;B26008613;2026-07-04;Stardon 60 WP 10 X 8 X 100 gr;2031-02-01;160;0;2;80;2031-02-01
167;KD167;QMETS01;B26008614;2026-07-04;Metsulindo Plus 80 WP 8 X 25 X 40 gr;2028-01-01;1000;0;5;200;2028-01-01
168;KD168;QWIND08;B26008615;2026-07-04;Winda 250 SC 10 X 500 ml;2030-09-01;30;0;3;10;2030-09-01
169;KD169;QMULS22;B26008616;2026-07-04;Mulsa Karisma 60 cm / 10 kg (Roll);1000-01-01;35;35;0;1;1000-01-01
170;KD170;QMULS22;B26008617;2026-07-04;Mulsa Karisma 60 cm / 10 kg (Roll);1000-01-01;25;25;0;1;1000-01-01
171;KD171;QMULS22;B26008617;2026-07-04;Mulsa Karisma 60 cm / 10 kg (Roll);1000-01-01;35;35;0;1;1000-01-01
172;KD172;QBUNC02;B26008618;2026-07-04;Buncis Lebat-3 40 X 500 gr;2027-07-19;20;20;0;40;2027-07-19
173;KD173;QBAME03;B26008619;2026-07-04;Bamex 18 EC 20 X 200 ml (M2U);2029-01-01;20;0;1;20;2029-01-01
174;KD174;QKALI01;B26008619;2026-07-04;Kaliandra 482 EC 20 X 400 ml;2031-06-01;200;0;10;20;2031-06-01
175;KD175;QMKP01;D26009882;2026-07-04;MKP 20 X 1 kg;2029-06-01;600;0;30;20;2029-06-01
176;KD176;QDECI02;D26009882;2026-07-04;Decis 25 EC 100 X 50 ml;2030-04-01;300;0;3;100;2030-04-01
177;KD177;QDECI01;D26009882;2026-07-04;Decis 25 EC 100 X 100 ml;2030-02-01;200;0;2;100;2030-02-01
178;KD178;QNATI03;D26009882;2026-07-04;Nativo 75 WG 16 X 20 X 12.5 gr;2029-02-01;320;0;1;320;2029-02-01
179;KD179;QGLUF04;D26009883;2026-07-04;Glufa 200 SL 4 X 5 ltr;2028-10-01;5;1;1;4;2028-10-01
180;KD180;QGLUF04;D26009883;2026-07-04;Glufa 200 SL 4 X 5 ltr;2028-10-01;35;3;8;4;2028-10-01
181;KD181;QGLUF03;D26009883;2026-07-04;Glufa 200 SL 20 X 1 ltr;2030-02-01;360;0;18;20;2030-02-01
182;KD182;QGLUF03;D26009883;2026-07-04;Glufa 200 SL 20 X 1 ltr;2030-03-01;420;0;21;20;2030-03-01
183;KD183;QGLUF03;D26009883;2026-07-04;Glufa 200 SL 20 X 1 ltr;2030-02-01;320;0;16;20;2030-02-01
184;KD184;QCURA02;D26009887;2026-07-04;Curacron 500 EC 40 X 250 ml;2027-06-01;200;0;5;40;2027-06-01
185;KD185;QGREE03;T26000727;2026-07-04;Greenforce 12 X 1 ltr;2031-05-01;36;0;3;12;2031-05-01
186;KD186;QGREE04;T26000727;2026-07-04;Greenforce 80 X 30 ml;2031-06-01;80;0;1;80;2031-06-01
187;KD187;QMITI06;T26000728;2026-07-04;Mitiside 40/240 SC 50 X 100 ml;2028-02-01;50;0;1;50;2028-02-01
188;KD188;QMITI07;T26000728;2026-07-04;Mitiside 40/240 SC 40 X 200 ml;2028-02-01;40;0;1;40;2028-02-01
189;KD189;QBMCO01;T26000728;2026-07-04;BM Conzole 250 EC 40 X 250 ml;2031-05-01;40;0;1;40;2031-05-01
190;KD190;QEVER02;T26000729;2026-07-04;Ever Green Asam Humat 20 X 1 ltr;2031-05-01;20;0;1;20;2031-05-01
191;KD191;QEVER02;T26000730;2026-07-04;Ever Green Asam Humat 20 X 1 ltr;2031-05-01;20;0;1;20;2031-05-01
192;KD192;QBEST07;T26000730;2026-07-04;Bestani OK 300 SL 20 X 1 ltr;2031-04-01;60;0;3;20;2031-04-01
193;KD193;QBIOC11;T26000730;2026-07-04;Biochems Vit B1+B6 40 X 250 ml;2030-12-01;40;0;1;40;2030-12-01
194;KD194;QBIOC10;T26000730;2026-07-04;Biochems Vit B1+B6 30 X 500 ml;2030-03-01;30;0;1;30;2030-03-01
195;KD195;QCHLO01;T26000731;2026-07-04;Chlordin 100/200 SC 50 X 100 ml;2031-02-01;100;0;2;50;2031-02-01
196;KD196;QCHLO02;T26000731;2026-07-04;Chlordin 100/200 SC 20 X 250 ml;2031-02-01;40;0;2;20;2031-02-01
197;KD197;QGAND04;Z26001842;2026-07-04;Gandasil D 24 X 500 gr;2029-05-01;408;0;17;24;2029-05-01
198;KD198;QGAND01;Z26001842;2026-07-04;Gandasil B 144 X 100 gr;2029-03-01;3744;0;26;144;2029-03-01
199;KD199;QGAND02;Z26001842;2026-07-04;Gandasil B 24 X 500 gr;2029-04-01;792;0;33;24;2029-04-01
200;KD200;QGAND03;Z26001842;2026-07-04;Gandasil D 144 X 100 gr;2029-04-01;1440;0;10;144;2029-04-01
201;KD201;QJAGU78;Z26001846;2026-07-04;Jagung DK 9209C 20 X 1 kg;2027-05-07;252;12;12;20;2027-05-07
202;KD202;QJAGU78;Z26001847;2026-07-04;Jagung DK 9209C 20 X 1 kg;2027-05-07;76;16;3;20;2027-05-07
203;KD203;QJAGU78;Z26001847;2026-07-04;Jagung DK 9209C 20 X 1 kg;2027-05-07;92;12;4;20;2027-05-07
204;KD204;QJAGU78;Z26001847;2026-07-04;Jagung DK 9209C 20 X 1 kg;2027-05-07;180;0;9;20;2027-05-07
205;KD205;QJAGU78;Z26001847;2026-07-04;Jagung DK 9209C 20 X 1 kg;2027-05-07;160;0;8;20;2027-05-07
206;KD206;QJAGU78;Z26001848;2026-07-04;Jagung DK 9209C 20 X 1 kg;2027-05-07;2;2;0;20;2027-05-07
207;KD207;QMATA04;Z26001853;2026-07-04;Matador 25 EC 40 X 250 ml;2028-01-01;40;0;1;40;2028-01-01
208;KD208;QMATA03;Z26001853;2026-07-04;Matador 25 EC 100 X 80 ml;2028-03-01;100;0;1;100;2028-03-01
209;KD209;QBION01;Z26001853;2026-07-04;Bion M 1/48 WP 20 X 500 gr;2028-03-01;40;0;2;20;2028-03-01
